id,company,title,season,season_inferred,seasons,program,remote,category,location,sponsorship,h1b_approvals,salary,skills,posted_at,posted_at_source,first_seen_at,url
ashby:conductorai:d6a1b110-10ad-4b5e-83a0-88c5fd7bc891,ConductorAI,Software Engineer Intern,Not stated,True,,Internship,,Software,New York City,citizens-only,,,Python; TypeScript; LLMs; React; Next.js,2026-09-17T16:27:43.596+00:00,exact,2026-09-17T17:55:39Z,https://jobs.ashbyhq.com/conductorai/d6a1b110-10ad-4b5e-83a0-88c5fd7bc891
greenhouse:amperesand:4409254009,Amperesand,Software Engineering Intern,Not stated,True,,Internship,,Software,"Reno, Nevada, United States",unknown,,,TypeScript; LLMs; React; AWS; Git,2026-09-17T01:43:55-04:00,exact,2026-09-17T07:53:10Z,https://job-boards.greenhouse.io/amperesand/jobs/4409254009
greenhouse:sharkninjaoperatingllc:4713793006,SharkNinja,Applied AI & Analytics Co-op Opportunities,Not stated,True,,Co-op,,Data & ML/AI,"Miami, Florida, United States; Needham, MA, United States; New York, New York, United States",unknown,,,Python; SQL; LLMs; AWS; Tableau,2026-09-17T11:26:59-04:00,exact,2026-09-17T17:55:39Z,https://job-boards.greenhouse.io/sharkninjaoperatingllc/jobs/4713793006
greenhouse:sharkninjaoperatingllc:4713808006,SharkNinja,Applied AI & Analytics Intern Opportunities,Not stated,True,,Internship,,Data & ML/AI,"Miami, Florida, United States; Needham, MA, United States",unknown,,,Python; SQL; LLMs; AWS; Tableau,2026-09-17T11:25:04-04:00,exact,2026-09-17T17:55:39Z,https://job-boards.greenhouse.io/sharkninjaoperatingllc/jobs/4713808006
greenhouse:xpengmotors:8819001002,XPENG Motors,AI Research Intern – Predictive World Model,Not stated,True,,Internship,,Data & ML/AI,"Santa Clara, CA",unknown,,,Python; PyTorch; Computer Vision,2026-09-17T21:11:52-04:00,exact,2026-09-18T01:28:29Z,https://job-boards.greenhouse.io/xpengmotors/jobs/8819001002
oracle:fa-exty-saasfaprod1.fa.ocs.oraclecloud.com:119494,Howmet Aerospace,Intern - Artificial Intelligence (AI),Not stated,True,,Internship,,Data & ML/AI,"Pittsburgh, PA, United States",no-sponsorship,,$20–$22/hr,,2026-09-17,date_only,2026-09-17T17:55:39Z,https://fa-exty-saasfaprod1.fa.ocs.oraclecloud.com/hcmUI/CandidateExperience/en/sites/CX_1/job/119494
oracle:fa-exvu-saasfaprod1.fa.ocs.oraclecloud.com:260818,GM financial,Intern - Software Development Engineer,Not stated,True,,Internship,,Software,"Arlington, TX, United States",unknown,,,LLMs,2026-09-17,date_only,2026-09-17T17:55:39Z,https://fa-exvu-saasfaprod1.fa.ocs.oraclecloud.com/hcmUI/CandidateExperience/en/sites/CX_1/job/260818
oracle:fa-exvu-saasfaprod1.fa.ocs.oraclecloud.com:260831,GM financial,Intern - Software Development Engineer,Not stated,True,,Internship,,Software,"Arlington, TX, United States",unknown,,,LLMs,2026-09-17,date_only,2026-09-17T17:55:39Z,https://fa-exvu-saasfaprod1.fa.ocs.oraclecloud.com/hcmUI/CandidateExperience/en/sites/CX_1/job/260831
oracle:ibqbjb.fa.ocs.oraclecloud.com:157903,Honeywell,Data Science Co-Op - Spring/Summer 2027,Spring 2027,False,,Co-op,,Data & ML/AI,"Pittsford, NY, United States",citizens-only,,$20/hr,Python; LLMs; AWS; Azure,2026-09-17,date_only,2026-09-17T17:55:39Z,https://ibqbjb.fa.ocs.oraclecloud.com/hcmUI/CandidateExperience/en/sites/CX_1/job/157903
oracle:ibqbjb.fa.ocs.oraclecloud.com:158088,Honeywell,Software Engineer Co-Op - Spring/Summer 2027,Spring 2027,False,,Co-op,,Software,"Pittsford, NY, United States",citizens-only,,$20/hr,,2026-09-17,date_only,2026-09-17T17:55:39Z,https://ibqbjb.fa.ocs.oraclecloud.com/hcmUI/CandidateExperience/en/sites/CX_1/job/158088
smartrecruiters:RenesasElectronics:744000150194379,Renesas Electronics,Embedded Systems Intern,Not stated,True,,Internship,yes,Software,"Remote, REMOTE, United States (Remote)",unknown,,,,2026-09-17T18:38:24.202Z,exact,2026-09-17T20:50:11Z,https://jobs.smartrecruiters.com/RenesasElectronics/744000150194379
workday:insperity:/job/Kingwood-TX/Rotational-AI-Intern_JR103294,Insperity,Rotational AI Intern,Not stated,True,,Internship,,Data & ML/AI,"Kingwood, TX",unknown,12,,Python; SQL; LLMs; Computer Vision,2026-09-17T00:00:00Z,date_only,2026-09-17T20:50:11Z,https://insperity.wd12.myworkdayjobs.com/NSP/job/Kingwood-TX/Rotational-AI-Intern_JR103294
workday:jj:/job/Milpitas-California-United-States-of-America/Process-Excellence---AI-Co-op_R-099367,Johnson & Johnson,Process Excellence & AI Co-op,Not stated,True,,Co-op,,Data & ML/AI,"Milpitas, California, United States of America",no-sponsorship,8,$27/hr,,2026-09-17T00:00:00Z,date_only,2026-09-17T17:55:39Z,https://jj.wd5.myworkdayjobs.com/JJ/job/Milpitas-California-United-States-of-America/Process-Excellence---AI-Co-op_R-099367
workday:leidos:/job/Pittsburgh-PA/Research-Engineer-Intern_R-00192500,Leidos,Research Engineer Intern,Not stated,True,,Internship,,Software,"Pittsburgh, PA",unknown,79,,Python; MATLAB,2026-09-17T00:00:00Z,date_only,2026-09-17T20:50:11Z,https://leidos.wd5.myworkdayjobs.com/External/job/Pittsburgh-PA/Research-Engineer-Intern_R-00192500
workday:visa:/job/US---Ashburn-VA/Software-Engineer--Intern---2027-Ashburn--VA_REF088577W-1,Visa,"Software Engineer, Intern - 2027 Ashburn, VA",Spring 2027,False,,Internship,,Software,"US - Ashburn, VA",no-sponsorship,,,Python; Java; C++; C#; JavaScript; LLMs; HTML/CSS; Kubernetes,2026-09-17T00:00:00Z,date_only,2026-09-17T13:04:03Z,https://visa.wd5.myworkdayjobs.com/Visa/job/US---Ashburn-VA/Software-Engineer--Intern---2027-Ashburn--VA_REF088577W-1
workday:visa:/job/US---Ashburn-VA/XMLNAME-2027-Sophomore-Internship-Program---Software-Engineer-Intern--Ashburn_REF088599W-1,Visa,"2027 Sophomore Internship Program - Software Engineer Intern, Ashburn",Spring 2027,False,,Internship,,Software,"US - Ashburn, VA",no-sponsorship,,,Python; Java; C++; C#; JavaScript; HTML/CSS; Kubernetes; Docker,2026-09-17T00:00:00Z,date_only,2026-09-17T13:04:03Z,https://visa.wd5.myworkdayjobs.com/Visa/job/US---Ashburn-VA/XMLNAME-2027-Sophomore-Internship-Program---Software-Engineer-Intern--Ashburn_REF088599W-1
workday:visa:/job/US---Austin-TX/Software-Engineer--Intern---2027-Austin--TX_REF088544W-1,Visa,"Software Engineer, Intern - 2027 Austin, TX",Spring 2027,False,,Internship,,Software,"US - Austin, TX",no-sponsorship,,,Python; Java; C++; C#; JavaScript; HTML/CSS; Kubernetes; Docker,2026-09-17T00:00:00Z,date_only,2026-09-17T13:04:03Z,https://visa.wd5.myworkdayjobs.com/Visa/job/US---Austin-TX/Software-Engineer--Intern---2027-Austin--TX_REF088544W-1
workday:visa:/job/US---Austin-TX/XMLNAME-2027-Sophomore-Internship-Program---Software-Engineer-Intern--Austin_REF088596W-1,Visa,"2027 Sophomore Internship Program - Software Engineer Intern, Austin",Spring 2027,False,,Internship,,Software,"US - Austin, TX",no-sponsorship,,,Python; Java; C++; C#; JavaScript; HTML/CSS; Kubernetes; Docker,2026-09-17T00:00:00Z,date_only,2026-09-17T13:04:03Z,https://visa.wd5.myworkdayjobs.com/Visa/job/US---Austin-TX/XMLNAME-2027-Sophomore-Internship-Program---Software-Engineer-Intern--Austin_REF088596W-1
workday:visa:/job/US---Bellevue-WA/Software-Engineer--Intern--Bellevue---2027_REF088585W-2,Visa,"Software Engineer, Intern, Bellevue - 2027",Spring 2027,False,,Internship,,Software,"US - Bellevue, WA",no-sponsorship,,,Python; Java; C++; C#; JavaScript; LLMs; HTML/CSS; Kubernetes,2026-09-17T00:00:00Z,date_only,2026-09-17T17:55:39Z,https://visa.wd5.myworkdayjobs.com/Visa/job/US---Bellevue-WA/Software-Engineer--Intern--Bellevue---2027_REF088585W-2
workday:visa:/job/US---Bellevue-WA/XMLNAME-2027-Sophomore-Internship-Program---Software-Engineer-Intern--Bellevue_REF088594W-1,Visa,"2027 Sophomore Internship Program - Software Engineer Intern, Bellevue",Spring 2027,False,,Internship,,Software,"US - Bellevue, WA",no-sponsorship,,,Python; Java; C++; C#; JavaScript; HTML/CSS; Kubernetes; Docker,2026-09-17T00:00:00Z,date_only,2026-09-17T13:04:03Z,https://visa.wd5.myworkdayjobs.com/Visa/job/US---Bellevue-WA/XMLNAME-2027-Sophomore-Internship-Program---Software-Engineer-Intern--Bellevue_REF088594W-1
workday:visa:/job/US---Denver-CO/Software-Engineer--Intern--Highlands-Ranch--CO---2027_REF088583W,Visa,"Software Engineer, Intern, Highlands Ranch, CO - 2027",Spring 2027,False,,Internship,,Software,"US - Denver, CO",no-sponsorship,,,Python; Java; C++; C#; JavaScript; LLMs; HTML/CSS; Kubernetes,2026-09-17T00:00:00Z,date_only,2026-09-17T13:04:03Z,https://visa.wd5.myworkdayjobs.com/Visa/job/US---Denver-CO/Software-Engineer--Intern--Highlands-Ranch--CO---2027_REF088583W
workday:visa:/job/US---Denver-CO/XMLNAME-2027-Sophomore-Internship-Program---Software-Engineer-Intern--Highlands-Ranch_REF088597W-1,Visa,"2027 Sophomore Internship Program - Software Engineer Intern, Highlands Ranch",Spring 2027,False,,Internship,,Software,"US - Denver, CO",no-sponsorship,,,Python; Java; C++; C#; JavaScript; HTML/CSS; Kubernetes; Docker,2026-09-17T00:00:00Z,date_only,2026-09-17T13:04:03Z,https://visa.wd5.myworkdayjobs.com/Visa/job/US---Denver-CO/XMLNAME-2027-Sophomore-Internship-Program---Software-Engineer-Intern--Highlands-Ranch_REF088597W-1
workday:visa:/job/US---Foster-City-CA/Software-Engineer--Intern---Foster-City-2027_REF088587W-1,Visa,"Software Engineer, Intern - Foster City 2027",Spring 2027,False,,Internship,,Software,"US - Foster City, CA",no-sponsorship,,,Python; Java; C++; C#; JavaScript; HTML/CSS; Kubernetes; Docker,2026-09-17T00:00:00Z,date_only,2026-09-17T13:04:03Z,https://visa.wd5.myworkdayjobs.com/Visa/job/US---Foster-City-CA/Software-Engineer--Intern---Foster-City-2027_REF088587W-1
workday:visa:/job/US---Foster-City-CA/XMLNAME-2027-Sophomore-Internship-Program---Software-Engineer-Intern--Foster-City_REF088591W-1,Visa,"2027 Sophomore Internship Program - Software Engineer Intern, Foster City",Spring 2027,False,,Internship,,Software,"US - Foster City, CA",no-sponsorship,,,Python; Java; C++; C#; JavaScript; HTML/CSS; Kubernetes; Docker,2026-09-17T00:00:00Z,date_only,2026-09-17T13:04:03Z,https://visa.wd5.myworkdayjobs.com/Visa/job/US---Foster-City-CA/XMLNAME-2027-Sophomore-Internship-Program---Software-Engineer-Intern--Foster-City_REF088591W-1
ashby:bedrock-robotics:8927dd7e-a48d-49a2-92eb-09ec059432f4,Bedrock Robotics,"Internship 2027 Software Engineer, Fleet Platform",Spring 2027,False,,Internship,,Software,"New York, NY",unknown,,,Python; C++; Rust; TypeScript,2026-09-16T12:04:51.466+00:00,exact,2026-09-16T12:51:50Z,https://jobs.ashbyhq.com/bedrock-robotics/8927dd7e-a48d-49a2-92eb-09ec059432f4
greenhouse:cartesiansystems:4408204009,Cartesian,IAP Software Engineering Intern 2027,Spring 2027,False,,Internship,,Software,"Cambridge, MA",unknown,,$20–$25/hr,Python; TypeScript; Kotlin; PyTorch; Next.js; Azure; Kubernetes; Terraform,2026-09-16T10:45:24-04:00,exact,2026-09-16T17:32:33Z,https://job-boards.greenhouse.io/cartesiansystems/jobs/4408204009
greenhouse:clockworksystems:6174230004,Clockwork Systems,Software Engineer Intern,Not stated,True,,Internship,,Software,"Palo Alto, CA",unknown,,,Python; Java; C++; Go; Django,2026-09-16T12:20:28-04:00,exact,2026-09-16T17:32:33Z,https://job-boards.greenhouse.io/clockworksystems/jobs/6174230004
greenhouse:nanopathinc:4732881005,Nanopath,Software Development Co-op (Jan '27 Start),Spring 2027,False,,Co-op,,Software,"Cambridge, MA",unknown,,,,2026-09-16T14:59:39-04:00,exact,2026-09-17T17:55:39Z,https://job-boards.greenhouse.io/nanopathinc/jobs/4732881005
lever:kitware:7b6ff8f9-34c6-4338-845d-4e1bbc142906,Kitware,Software Developer Internship,Not stated,True,,Internship,,Software,"Clifton Park, New York",citizens-only,6,30–45 USD/hr,Python; C++; Computer Vision,2026-09-16T19:05:30Z,exact,2026-09-16T20:37:26Z,https://jobs.lever.co/kitware/7b6ff8f9-34c6-4338-845d-4e1bbc142906
lever:kitware:ff25a349-a362-45d2-b1e4-2487c1df4f75,Kitware,AI Research Internship,Not stated,True,,Internship,,Data & ML/AI,"Clifton Park, New York",citizens-only,6,40–60 USD/hr,Python; PyTorch; TensorFlow; LLMs; Computer Vision,2026-09-16T18:35:02Z,exact,2026-09-16T20:37:26Z,https://jobs.lever.co/kitware/ff25a349-a362-45d2-b1e4-2487c1df4f75
smartrecruiters:RenesasElectronics:744000149952164,Renesas Electronics,Software Engineer Intern,Not stated,True,,Internship,,Software,"San Jose, CALIFORNIA, United States (Hybrid)",unknown,,$38/hr,Python; Java,2026-09-16T20:27:52.343Z,exact,2026-09-16T20:37:26Z,https://jobs.smartrecruiters.com/RenesasElectronics/744000149952164
workday:barr:/job/Minneapolis-MN/Internship---Data-Science--Remote-_R-102342,Barr,Internship - Data Science (Remote),Not stated,True,,Internship,yes,Data & ML/AI,"Minneapolis, MN",no-sponsorship,,$30–$38/hr,Python; SQL,2026-09-16T00:00:00Z,date_only,2026-09-17T01:52:45Z,https://barr.wd1.myworkdayjobs.com/barrcareers/job/Minneapolis-MN/Internship---Data-Science--Remote-_R-102342
workday:bcbsla:/job/Corporate---Baton-Rouge-LA/CW-Healthcare-Data-Science-Intern--Spring-2027-_R12151,Louisiana Blue,CW Healthcare Data Science Intern (Spring 2027),Spring 2027,False,,Internship,,Data & ML/AI,"Corporate - Baton Rouge, LA",unknown,,,Python; SQL; PyTorch; TensorFlow; Pandas; LLMs; Spark; Databricks,2026-09-16T00:00:00Z,date_only,2026-09-16T20:37:26Z,https://bcbsla.wd1.myworkdayjobs.com/Generation_Blue/job/Corporate---Baton-Rouge-LA/CW-Healthcare-Data-Science-Intern--Spring-2027-_R12151
workday:cisco:/job/RTP-North-Carolina-US/Security-Engineer-I--Intern----United-States_2025885,Cisco,Security Engineer I (Intern) - United States,Not stated,True,,Internship,,Security,"RTP, North Carolina, US",citizens-only,,,Python; Java; C++; AWS; GCP; Azure; Linux,2026-09-16T00:00:00Z,date_only,2026-09-17T07:53:10Z,https://cisco.wd5.myworkdayjobs.com/cisco_careers/job/RTP-North-Carolina-US/Security-Engineer-I--Intern----United-States_2025885
workday:cisco:/job/RTP-North-Carolina-US/Software-Engineer-I--Intern----United-States_2025890,Cisco,Software Engineer I (Intern) - United States,Not stated,True,,Internship,,Software,"RTP, North Carolina, US",citizens-only,,,Python; Java; C++; AWS; GCP; Azure; Linux,2026-09-16T00:00:00Z,date_only,2026-09-17T07:53:10Z,https://cisco.wd5.myworkdayjobs.com/cisco_careers/job/RTP-North-Carolina-US/Software-Engineer-I--Intern----United-States_2025890
workday:disney:/job/Burbank-CA-USA/Infrastructure-Services-Intern--Spring-2027_10159957-1,The Walt Disney Company,"Infrastructure Services Intern, Spring 2027",Spring 2027,False,,Internship,,Software,"Burbank, CA, USA",unknown,,$31/hr,,2026-09-16T00:00:00Z,date_only,2026-09-16T17:32:33Z,https://disney.wd5.myworkdayjobs.com/disneycareerdc/job/Burbank-CA-USA/Infrastructure-Services-Intern--Spring-2027_10159957-1
workday:disney:/job/Chicago-IL-USA/WLS-TV--ABC7--Programming--Promotion---Publicity-Intern--Spring-2027_10158839-1,The Walt Disney Company,"WLS-TV (ABC7) Programming, Promotion & Publicity Intern, Spring 2027",Spring 2027,False,,Internship,,Software,"Chicago, IL, USA",unknown,,$20/hr,,2026-09-16T00:00:00Z,date_only,2026-09-16T23:30:49Z,https://disney.wd5.myworkdayjobs.com/disneycareerdc/job/Chicago-IL-USA/WLS-TV--ABC7--Programming--Promotion---Publicity-Intern--Spring-2027_10158839-1
workday:gfs:/job/Atlanta-Georgia/Cloud-DevOps-Internship_R-57259,Gordon Food Service,Cloud DevOps Internship,Not stated,True,,Internship,,Software,"Atlanta, Georgia",unknown,21,,Python; Bash; GCP; Kubernetes; Docker,2026-09-16T00:00:00Z,date_only,2026-09-16T17:32:33Z,https://gfs.wd5.myworkdayjobs.com/usjobs-gen-gfs/job/Atlanta-Georgia/Cloud-DevOps-Internship_R-57259
workday:gfs:/job/Atlanta-Georgia/Data-Science-Engineer-Internship_R-57243-1,Gordon Food Service,Data Science Engineer Internship,Not stated,True,,Internship,,Data & ML/AI,"Atlanta, Georgia",unknown,21,,,2026-09-16T00:00:00Z,date_only,2026-09-16T17:32:33Z,https://gfs.wd5.myworkdayjobs.com/usjobs-gen-gfs/job/Atlanta-Georgia/Data-Science-Engineer-Internship_R-57243-1
workday:gfs:/job/Atlanta-Georgia/IT-Infrastructure-Project-Support-Internship_R-56286,Gordon Food Service,IT Infrastructure Project Support Internship,Not stated,True,,Internship,,Software,"Atlanta, Georgia",unknown,21,,,2026-09-16T00:00:00Z,date_only,2026-09-16T17:32:33Z,https://gfs.wd5.myworkdayjobs.com/usjobs-gen-gfs/job/Atlanta-Georgia/IT-Infrastructure-Project-Support-Internship_R-56286
workday:globalhr:/job/US-IA-CEDAR-RAPIDS-124--400-Collins-Rd-NE--BLDG-124/Software-Engineering-Co-op--Winter-Spring-2027-_01875464,RTX,Software Engineering Co-op (Winter/Spring 2027),Spring 2027,False,,Co-op,,Software,US-IA-CEDAR RAPIDS-124 ~ 400 Collins Rd NE ~ BLDG 124,citizens-only,,,Python; LLMs; Linux,2026-09-16T00:00:00Z,date_only,2026-09-16T17:32:33Z,https://globalhr.wd5.myworkdayjobs.com/rec_rtx_ext_gateway/job/US-IA-CEDAR-RAPIDS-124--400-Collins-Rd-NE--BLDG-124/Software-Engineering-Co-op--Winter-Spring-2027-_01875464
workday:graco:/job/Dayton-Minnesota-USA-French-Lake/Software-Engineer-Intern_R0023556,Graco,Software Engineer Intern,Not stated,True,,Internship,,Software,"Dayton, Minnesota, USA (French Lake)",no-sponsorship,,,TypeScript; JavaScript; Next.js; HTML/CSS; AWS; Git,2026-09-16T00:00:00Z,date_only,2026-09-16T20:37:26Z,https://graco.wd501.myworkdayjobs.com/Graco_Careers/job/Dayton-Minnesota-USA-French-Lake/Software-Engineer-Intern_R0023556
workday:itron:/job/United-States-of-America-South-Carolina-West-Union/Intern----Firmware-Engineer--Spring-2027-_JR102920-1,Itron,Intern -  Firmware Engineer (Spring 2027),Spring 2027,False,,Internship,,Hardware,"United States of America, South Carolina, West Union",unknown,42,,Linux,2026-09-16T00:00:00Z,date_only,2026-09-16T20:37:26Z,https://itron.wd5.myworkdayjobs.com/Itron/job/United-States-of-America-South-Carolina-West-Union/Intern----Firmware-Engineer--Spring-2027-_JR102920-1
workday:kbr:/job/Sioux-Falls-South-Dakota/Image-Processing-Software-Engineer-Intern_R2130067,KBR,Image Processing Software Engineer Intern,Not stated,True,,Internship,,Software,"Sioux Falls, South Dakota",unknown,12,,Python; C++; AWS; Linux; PostgreSQL,2026-09-16T00:00:00Z,date_only,2026-09-16T20:37:26Z,https://kbr.wd5.myworkdayjobs.com/KBR_Careers/job/Sioux-Falls-South-Dakota/Image-Processing-Software-Engineer-Intern_R2130067
workday:valeo:/job/Troy-MI/Systems-Engineering-Co-Op--Software-_REQ2026071241,Valeo,Systems Engineering Co-Op (Software),Not stated,True,,Co-op,,Software,"Troy, MI",no-sponsorship,,,Python; C++; Linux,2026-09-16T00:00:00Z,date_only,2026-09-16T20:37:26Z,https://valeo.wd3.myworkdayjobs.com/valeo_jobs/job/Troy-MI/Systems-Engineering-Co-Op--Software-_REQ2026071241
workday:vermeer:/job/Pella-Iowa-USA---Corporate-Office/IT-Data-Engineer-Intern_REQ-22171,Vermeer,IT Data Engineer Intern,Not stated,True,,Internship,,Data & ML/AI,"Pella, Iowa, USA - Corporate Office",unknown,,,SQL,2026-09-16T00:00:00Z,date_only,2026-09-16T17:32:33Z,https://vermeer.wd5.myworkdayjobs.com/externalcareersite/job/Pella-Iowa-USA---Corporate-Office/IT-Data-Engineer-Intern_REQ-22171
workday:wellington:/job/Boston-MA-United-States/Trading-Research---Analytics-Co-Op_R94827-1,Wellington Management,Quantitative Trading Co-op,Not stated,True,,Co-op,,Quant,"Boston, MA, United States",unknown,112,$19–$35/hr,Python; SQL; Tableau,2026-09-16T00:00:00Z,date_only,2026-09-16T20:37:26Z,https://wellington.wd5.myworkdayjobs.com/external/job/Boston-MA-United-States/Trading-Research---Analytics-Co-Op_R94827-1
greenhouse:andurilindustries:5239083007,Anduril,2027 Flight Software Engineer Intern,Spring 2027,False,,Internship,,Software,"Costa Mesa, California, United States",unknown,,,Python; MATLAB; Computer Vision,2026-09-15T15:20:09-04:00,exact,2026-09-15T20:25:11Z,https://boards.greenhouse.io/andurilindustries/jobs/5239083007?gh_jid=5239083007
greenhouse:brevium:4713683006,Brevium,Software Engineer Intern,Not stated,True,,Internship,,Software,"American Fork, UT",unknown,,,C#; SQL,2026-09-15T18:12:39-04:00,exact,2026-09-15T23:25:50Z,https://job-boards.greenhouse.io/brevium/jobs/4713683006
greenhouse:duolingo:8805925002,Duolingo,"Software Engineer, Intern",Not stated,True,,Internship,,Software,"Pittsburgh, PA; New York, NY; Seattle, WA",unknown,22,,Python; Java; Swift; Kotlin,2026-09-15T12:00:00-04:00,exact,2026-09-15T20:25:11Z,https://job-boards.greenhouse.io/duolingounirecruitment/jobs/8806878002
greenhouse:duolingo:8806114002,Duolingo,"Software Engineer, Thrive Intern",Not stated,True,,Internship,,Software,"Pittsburgh, PA",unknown,22,,Python; Java; Swift; Kotlin,2026-09-15T12:00:00-04:00,exact,2026-09-15T20:25:11Z,https://job-boards.greenhouse.io/duolingounirecruitment/jobs/8806115002
greenhouse:internrecruiting:8204511,Internrecruiting,Software Engineer Co-op,Spring 2027,False,,Co-op,,Software,"Boston, MA",unknown,,,Python; Java; C#; SQL,2026-09-15T15:04:29-04:00,exact,2026-09-17T17:55:39Z,https://job-boards.greenhouse.io/internrecruiting/jobs/8204511
greenhouse:singlestore:8205514,SingleStore,Software Engineer Intern,Not stated,True,,Internship,,Software,United States,offers,16,,Go; TypeScript; JavaScript; SQL,2026-09-15T17:49:19-04:00,exact,2026-09-15T23:25:50Z,https://job-boards.greenhouse.io/singlestore/jobs/8205514
greenhouse:testnisc:8204161,National Information Solutions Cooperative (NISC),Intern - Software Development (AI Development),Not stated,True,,Internship,,Data & ML/AI,"Lake Saint Louis, MO",unknown,,,Python; Java; LLMs,2026-09-15T13:09:40-04:00,exact,2026-09-15T20:25:11Z,https://job-boards.greenhouse.io/testnisc/jobs/8204161
oracle:fa-evmr-saasfaprod1.fa.ocs.oraclecloud.com:40172,Nokia,Embedded Software Development Coop,Not stated,True,,Co-op,,Software,United States,unknown,,,C++; Linux,2026-09-15,date_only,2026-09-15T23:25:50Z,https://fa-evmr-saasfaprod1.fa.ocs.oraclecloud.com/hcmUI/CandidateExperience/en/sites/CX_1/job/40172
oracle:hdjq.fa.us2.oraclecloud.com:26008230,Emerson Electric,Software Engineering Intern - ADG System R&D,Not stated,True,,Internship,,Software,"Austin, TX, United States",unknown,8,,Linux,2026-09-15,date_only,2026-09-15T23:25:50Z,https://hdjq.fa.us2.oraclecloud.com/hcmUI/CandidateExperience/en/sites/CX_1/job/26008230
oracle:hdjq.fa.us2.oraclecloud.com:26010928,Emerson Electric,Software Engineering Intern,Not stated,True,,Internship,,Software,"Austin, TX, United States",no-sponsorship,8,,Python; C++; C#; Linux,2026-09-15,date_only,2026-09-15T23:25:50Z,https://hdjq.fa.us2.oraclecloud.com/hcmUI/CandidateExperience/en/sites/CX_1/job/26010928
smartrecruiters:Interco:744000149591449,Interco,Paid Internship -- Software Development -- React,Not stated,True,,Internship,,Software,"St. Louis, MO, United States",no-sponsorship,,$15/hr,React; JavaScript; HTML/CSS,2026-09-15T12:33:00.741Z,exact,2026-09-15T17:08:45Z,https://jobs.smartrecruiters.com/Interco/744000149591449
workday:aero:/job/El-Segundo-CA/XMLNAME-2027-Aerospace-Software-Engineer-Undergraduate-Intern_R016605,The Aerospace Corporation,2027 Aerospace Software Engineer Undergraduate Intern,Spring 2027,False,,Internship,,Software,"El Segundo, CA",citizens-only,,,Python; Java; C++,2026-09-15T00:00:00Z,date_only,2026-09-16T06:58:05Z,https://aero.wd5.myworkdayjobs.com/external/job/El-Segundo-CA/XMLNAME-2027-Aerospace-Software-Engineer-Undergraduate-Intern_R016605
workday:bracco:/job/USA-Eden-Prairie-Minnesota-55344/Firmware-Engineering-Co-op_JR100324,Bracco,Firmware Engineering Co-op,Spring 2027,False,,Co-op,,Hardware,"USA, Eden Prairie, Minnesota, 55344",unknown,,$23–$25/hr,Python; C++,2026-09-15T00:00:00Z,date_only,2026-09-15T20:25:11Z,https://bracco.wd103.myworkdayjobs.com/braccocareers/job/USA-Eden-Prairie-Minnesota-55344/Firmware-Engineering-Co-op_JR100324
workday:hitachi:/job/Pittsburgh-Pennsylvania-United-States/Intern---Onboard-Software-Developer_R0145042,Hitachi Energy,Intern - Onboard Software Developer,Not stated,True,,Internship,,Software,"Pittsburgh, Pennsylvania, United States",unknown,,,,2026-09-15T00:00:00Z,date_only,2026-09-15T17:08:45Z,https://hitachi.wd1.myworkdayjobs.com/hitachi/job/Pittsburgh-Pennsylvania-United-States/Intern---Onboard-Software-Developer_R0145042
workday:micron:/job/Longmont-MAX--Office-CO/Intern---Data-Center-SSD-Firmware_JR111461,Micron Technology,Intern - Data Center SSD Firmware,Not stated,True,,Internship,,Data & ML/AI,"Longmont-MAX- Office, CO",unknown,489,,Python; C++; LLMs; Git,2026-09-15T00:00:00Z,date_only,2026-09-15T17:08:45Z,https://micron.wd1.myworkdayjobs.com/External/job/Longmont-MAX--Office-CO/Intern---Data-Center-SSD-Firmware_JR111461
workday:micron:/job/Longmont-MAX--Office-CO/Intern---Firmware-Engineer_JR111584,Micron Technology,Intern - Firmware Engineer,Not stated,True,,Internship,,Hardware,"Longmont-MAX- Office, CO",unknown,489,,Python; C++; LLMs; Git,2026-09-15T00:00:00Z,date_only,2026-09-15T17:08:45Z,https://micron.wd1.myworkdayjobs.com/External/job/Longmont-MAX--Office-CO/Intern---Firmware-Engineer_JR111584
workday:newperkinelmer:/job/US-Remote---NY/Data-Science-Intern--Asset-Intelligence_REQ-058421,PerkinElmer,"Data Science Intern, Asset Intelligence",Not stated,True,,Internship,yes,Data & ML/AI,US Remote - NY,unknown,4,,Python; SQL; Pandas,2026-09-15T00:00:00Z,date_only,2026-09-15T20:25:11Z,https://newperkinelmer.wd1.myworkdayjobs.com/External/job/US-Remote---NY/Data-Science-Intern--Asset-Intelligence_REQ-058421
workday:oshkoshcorporation:/job/San-Francisco-California-United-States/Software-Engineering-Intern_R49493,Oshkosh,Software Engineering Intern,Not stated,True,,Internship,,Software,"San Francisco, California, United States",unknown,2,,Python; C++,2026-09-15T00:00:00Z,date_only,2026-09-15T17:08:45Z,https://oshkoshcorporation.wd5.myworkdayjobs.com/Oshkosh/job/San-Francisco-California-United-States/Software-Engineering-Intern_R49493
workday:psu:/job/Warminster-PA/Embedded-Systems-and-Hardware-Co-Op_REQ_0000066566-2,PennState University,Embedded Systems and Hardware Co-Op,Not stated,True,,Co-op,,Hardware,"Warminster, PA",citizens-only,,,Python; C++; C#; MATLAB,2026-09-15T00:00:00Z,date_only,2026-09-15T17:08:45Z,https://psu.wd1.myworkdayjobs.com/PSU_Staff/job/Warminster-PA/Embedded-Systems-and-Hardware-Co-Op_REQ_0000066566-2
workday:ssctech:/job/Braintree-MA---30-Braintree-Hill-Park/RS-Operational-AI-Analyst-Intern_R45766,SS&C,RS Operational AI Analyst Intern,Not stated,True,,Internship,,Data & ML/AI,Braintree MA - 30 Braintree Hill Park,unknown,,$30/hr,,2026-09-15T00:00:00Z,date_only,2026-09-15T17:08:45Z,https://ssctech.wd1.myworkdayjobs.com/ssctechnologies/job/Braintree-MA---30-Braintree-Hill-Park/RS-Operational-AI-Analyst-Intern_R45766
ashby:base-power:5353ea33-57d4-46fa-9a96-e392a3f841bc,Base Power,Software Engineering Intern,Not stated,True,,Internship,,Software,"Austin, TX",unknown,,,TypeScript; React,2026-09-14T16:00:11.257+00:00,exact,2026-09-14T19:27:45Z,https://jobs.ashbyhq.com/base-power/5353ea33-57d4-46fa-9a96-e392a3f841bc
ashby:base-power:a8ee9a66-e90b-42c2-a4a2-28d997c3e8c7,Base Power,Firmware Engineering Intern,Not stated,True,,Internship,,Hardware,"Austin, TX",unknown,,,C++; Linux,2026-09-14T16:24:20.021+00:00,exact,2026-09-14T19:27:45Z,https://jobs.ashbyhq.com/base-power/a8ee9a66-e90b-42c2-a4a2-28d997c3e8c7
ashby:base-power:b6b2332e-1226-4575-b2c9-9e5258f2540e,Base Power,Quantitative Developer Intern,Not stated,True,,Internship,,Quant,"Austin, TX",unknown,,,Python; SQL,2026-09-14T17:28:27.165+00:00,exact,2026-09-14T19:27:45Z,https://jobs.ashbyhq.com/base-power/b6b2332e-1226-4575-b2c9-9e5258f2540e
greenhouse:figma:6178857004,Figma,Data Science Intern (2027),Spring 2027,False,,Internship,,Data & ML/AI,"San Francisco, CA • New York, NY",unknown,39,,Python; SQL,2026-09-14T13:36:27-04:00,exact,2026-09-14T19:27:45Z,https://boards.greenhouse.io/figma/jobs/6178857004?gh_jid=6178857004
greenhouse:singlestore:8154399,SingleStore,Software Engineer Intern,Not stated,True,,Internship,,Software,United States,offers,16,,Go; TypeScript; JavaScript; SQL,2026-09-14T14:21:07-04:00,exact,2026-09-14T19:27:45Z,https://job-boards.greenhouse.io/singlestore/jobs/8154399
lever:acronaviation:34cf5ad0-840a-4c1b-8231-02a433d0479e,Acron Aviation,Software Engineer Intern - Phoenix Site,Not stated,True,,Internship,,Software,"Phoenix, AZ",unknown,,,Python; C++; C#; SQL; Linux,2026-09-14T00:53:12Z,exact,2026-09-14T01:48:29Z,https://jobs.lever.co/acronaviation/34cf5ad0-840a-4c1b-8231-02a433d0479e
smartrecruiters:WesternDigital:744000149367234,Western Digital,Spring 2027 Co-Op - AI Systems Strategy,Spring 2027,False,,Co-op,,Data & ML/AI,"Rochester, MN, United States",unknown,,,LLMs,2026-09-14T15:27:24.797Z,exact,2026-09-14T19:27:45Z,https://jobs.smartrecruiters.com/WesternDigital/744000149367234
workday:copart:/job/Dallas-TX---Headquarters/Software-Engineering-Intern_JR109673,Copart,Software Engineering Intern,Not stated,True,,Internship,,Software,"Dallas, TX - Headquarters",unknown,83,,Java; JavaScript; SQL; Angular; HTML/CSS; Spring; Linux; Git,2026-09-14T00:00:00Z,date_only,2026-09-14T19:27:45Z,https://copart.wd12.myworkdayjobs.com/copart/job/Dallas-TX---Headquarters/Software-Engineering-Intern_JR109673
workday:coreandmain:/job/Saint-Louis-MO-63146/Intern---Data-Engineering----Corp_45804,Core & Main,Intern - AI Intern - Copilot-  Onsite - St. Louis,Not stated,True,,Internship,,Data & ML/AI,"Saint Louis, MO 63146",unknown,,,SQL; Azure; Git,2026-09-14T00:00:00Z,date_only,2026-09-14T19:27:45Z,https://coreandmain.wd1.myworkdayjobs.com/coreandmain/job/Saint-Louis-MO-63146/Intern---Data-Engineering----Corp_45804
workday:intel:/job/US-Oregon-Hillsboro/AI-Solutions-Engineering-Undergraduate-Intern_JR0286629,Intel,AI Solutions Engineering Undergraduate Intern,Not stated,True,,Internship,,Data & ML/AI,"US, Oregon, Hillsboro",unknown,4758,,Python; Java; C++; scikit-learn; Pandas; Docker; Git,2026-09-14T00:00:00Z,date_only,2026-09-15T01:39:14Z,https://intel.wd1.myworkdayjobs.com/external/job/US-Oregon-Hillsboro/AI-Solutions-Engineering-Undergraduate-Intern_JR0286629
workday:micron:/job/Boise-ID---Main-Site/Intern---IT-Software-Engineer_JR111582,Micron Technology,Intern - IT Software Engineer,Not stated,True,,Internship,,Software,"Boise, ID - Main Site",unknown,489,,Python; C#; JavaScript; SQL; Snowflake; Tableau,2026-09-14T00:00:00Z,date_only,2026-09-14T19:27:45Z,https://micron.wd1.myworkdayjobs.com/External/job/Boise-ID---Main-Site/Intern---IT-Software-Engineer_JR111582
workday:oshkoshcorporation:/job/Greencastle-Pennsylvania-United-States/Robotics-Programming-Engineer-Intern_R49597,Oshkosh,Robotics Programming Engineer Intern,Not stated,True,,Internship,,Hardware,"Greencastle, Pennsylvania, United States",unknown,2,,,2026-09-14T00:00:00Z,date_only,2026-09-14T22:56:22Z,https://oshkoshcorporation.wd5.myworkdayjobs.com/Oshkosh/job/Greencastle-Pennsylvania-United-States/Robotics-Programming-Engineer-Intern_R49597
workday:tencent:/job/US-California-Palo-Alto/Cyber-Security-Engineer-Intern_R108141-2,Tencent,Cyber Security Engineer Intern,Not stated,True,,Internship,,Security,US-California-Palo Alto,unknown,,$27.12–$51.93/hr,Python; Java; C++; Bash; AWS; GCP; Azure; Kubernetes,2026-09-14T00:00:00Z,date_only,2026-09-14T22:56:22Z,https://tencent.wd1.myworkdayjobs.com/Tencent_Careers/job/US-California-Palo-Alto/Cyber-Security-Engineer-Intern_R108141-2
workday:tencent:/job/US-California-Palo-Alto/Machine-Learning-Intern_R108140-1,Tencent,Machine Learning Intern,Not stated,True,,Internship,,Data & ML/AI,US-California-Palo Alto,unknown,,$28.27–$60/hr,Python; SQL; LLMs,2026-09-14T00:00:00Z,date_only,2026-09-15T06:55:14Z,https://tencent.wd1.myworkdayjobs.com/Tencent_Careers/job/US-California-Palo-Alto/Machine-Learning-Intern_R108140-1
workday:tihinsurance:/job/Dallas-TX---12377-Merit-Dr/Internship---Software-Engineering_R0000003172,Tihinsurance,Internship - Software Engineering,Not stated,True,,Internship,,Software,Dallas TX - 12377 Merit Dr.,unknown,,,Python; Java; C#; JavaScript,2026-09-14T00:00:00Z,date_only,2026-09-16T17:32:33Z,https://tihinsurance.wd1.myworkdayjobs.com/crc_careers/job/Dallas-TX---12377-Merit-Dr/Internship---Software-Engineering_R0000003172
workday:viavisolutions:/job/Germantown-MD-USA/Software-Engineering-Co-Op_260005140-1,Viavi Solutions,Software Engineering Co-Op,Not stated,True,,Co-op,,Software,"Germantown, MD USA",unknown,29,,C++; Linux,2026-09-14T00:00:00Z,date_only,2026-09-14T14:12:40Z,https://viavisolutions.wd1.myworkdayjobs.com/careers/job/Germantown-MD-USA/Software-Engineering-Co-Op_260005140-1
workday:wexinc:/job/US---Remote/AI---Data-Platform-Engineering-Intern--Undergraduate-_R23055,Wex,AI & Data Platform Engineering Intern (Undergraduate),Not stated,True,,Internship,yes,Data & ML/AI,US - Remote,unknown,22,,Python; Java; SQL; LLMs; AWS; GCP; Azure; Git,2026-09-14T00:00:00Z,date_only,2026-09-14T22:56:22Z,https://wexinc.wd5.myworkdayjobs.com/WEXInc/job/US---Remote/AI---Data-Platform-Engineering-Intern--Undergraduate-_R23055
workday:wexinc:/job/US---Remote/Backend-Software-Engineer-Intern---C---Cloud-Security---AI--Undergraduate-_R22589,Wex,"Backend Software Engineer Intern - C#, Cloud Security & AI (Undergraduate)",Not stated,True,,Internship,yes,Data & ML/AI,US - Remote,unknown,22,,C#; Python; AWS; Docker; Git,2026-09-14T00:00:00Z,date_only,2026-09-14T19:27:45Z,https://wexinc.wd5.myworkdayjobs.com/WEXInc/job/US---Remote/Backend-Software-Engineer-Intern---C---Cloud-Security---AI--Undergraduate-_R22589
workday:wexinc:/job/US---Remote/Backend-Software-Engineer-Intern---C--Java---AI-Workflows--Undergraduate-_R22586,Wex,Backend Software Engineer Intern - C#/Java & AI Workflows (Undergraduate),Not stated,True,,Internship,yes,Data & ML/AI,US - Remote,unknown,22,,Java; C#; SQL; Azure; Kafka,2026-09-14T00:00:00Z,date_only,2026-09-14T19:27:45Z,https://wexinc.wd5.myworkdayjobs.com/WEXInc/job/US---Remote/Backend-Software-Engineer-Intern---C--Java---AI-Workflows--Undergraduate-_R22586
workday:wexinc:/job/US---Remote/Backend-Software-Engineer-Intern---Java---AI--Master-s-_R22547,Wex,Backend Software Engineer Intern - Java & AI (Master’s),Not stated,True,,Internship,yes,Data & ML/AI,US - Remote,unknown,22,,Java; Spring; AWS; PostgreSQL,2026-09-14T00:00:00Z,date_only,2026-09-14T19:27:45Z,https://wexinc.wd5.myworkdayjobs.com/WEXInc/job/US---Remote/Backend-Software-Engineer-Intern---Java---AI--Master-s-_R22547
workday:wexinc:/job/US---Remote/Backend-Software-Engineer-Intern--Undergraduate-_R22593,Wex,Fullstack Software Engineer Intern (Undergraduate),Not stated,True,,Internship,yes,Software,US - Remote,unknown,22,,C#; SQL; LLMs; React,2026-09-14T00:00:00Z,date_only,2026-09-14T19:27:45Z,https://wexinc.wd5.myworkdayjobs.com/WEXInc/job/US---Remote/Backend-Software-Engineer-Intern--Undergraduate-_R22593
workday:wexinc:/job/US---Remote/Data---AI-Intern--Graduate-Master-s-_R22551,Wex,Data & AI Intern (Graduate/Master’s),Not stated,True,,Internship,yes,Data & ML/AI,US - Remote,unknown,22,,Python; Java; C++; C#; JavaScript; SQL; AWS; GCP,2026-09-14T00:00:00Z,date_only,2026-09-14T22:56:22Z,https://wexinc.wd5.myworkdayjobs.com/WEXInc/job/US---Remote/Data---AI-Intern--Graduate-Master-s-_R22551
workday:wexinc:/job/US---Remote/DevOps---AI-Engineering-Intern--Undergraduate-_R23056,Wex,DevOps & AI Engineering Intern (Undergraduate),Not stated,True,,Internship,yes,Data & ML/AI,US - Remote,unknown,22,,Python; Java; TypeScript; JavaScript; Bash; LLMs; AWS; Azure,2026-09-14T00:00:00Z,date_only,2026-09-14T22:56:22Z,https://wexinc.wd5.myworkdayjobs.com/WEXInc/job/US---Remote/DevOps---AI-Engineering-Intern--Undergraduate-_R23056
workday:wexinc:/job/US---Remote/DevOps---Backend-Software-Engineer-Intern--Undergraduate-_R22584,Wex,DevOps & Backend Software Engineer Intern (Undergraduate),Not stated,True,,Internship,yes,Software,US - Remote,unknown,22,,Python; C#; Azure; Kubernetes; Docker,2026-09-14T00:00:00Z,date_only,2026-09-14T19:27:45Z,https://wexinc.wd5.myworkdayjobs.com/WEXInc/job/US---Remote/DevOps---Backend-Software-Engineer-Intern--Undergraduate-_R22584
workday:wexinc:/job/US---Remote/SRE---Application-Services-Intern--Graduate-Master-s-_R22494,Wex,SRE & Application Services Intern (Graduate/Master's),Not stated,True,,Internship,yes,Software,US - Remote,unknown,22,,Python; Bash; AWS; GCP; Azure; Linux; Git,2026-09-14T00:00:00Z,date_only,2026-09-14T22:56:22Z,https://wexinc.wd5.myworkdayjobs.com/WEXInc/job/US---Remote/SRE---Application-Services-Intern--Graduate-Master-s-_R22494
workday:wexinc:/job/US---Remote/Software-Engineer-Intern---AI---Cloud--Graduate-Master-s-_R22546,Wex,Software Engineer Intern – AI & Cloud (Graduate/Master’s),Not stated,True,,Internship,yes,Data & ML/AI,US - Remote,unknown,22,,Java; C#; LLMs,2026-09-14T00:00:00Z,date_only,2026-09-14T19:27:45Z,https://wexinc.wd5.myworkdayjobs.com/WEXInc/job/US---Remote/Software-Engineer-Intern---AI---Cloud--Graduate-Master-s-_R22546
workday:autostore:/job/Atlanta-GA-USA/Co-Op---Software-Engineering_JR102692,Autostore,Co-Op/Intern - Software Engineering,Not stated,True,,Internship / Co-op,,Software,"Atlanta, GA, USA",unknown,,,Python; Java; C++; C#; TypeScript; Git,2026-09-13T00:00:00Z,date_only,2026-09-13T17:13:19Z,https://autostore.wd3.myworkdayjobs.com/autostore/job/Atlanta-GA-USA/Co-Op---Software-Engineering_JR102692
greenhouse:klaviyocampus:7989365003,Klaviyo,Software Engineer Co-op (Spring 2027),Spring 2027,False,,Co-op,,Software,"Boston, MA",no-sponsorship,28,,Python; TypeScript; React; Django; AWS; Terraform; Kafka; Redis,2026-09-12T08:05:17-04:00,exact,2026-09-12T14:37:33Z,https://job-boards.greenhouse.io/klaviyocampus/jobs/7989365003
ashby:megazone:e2889469-cf20-4227-bf24-2a6e885f8dca,MegazoneCloud,Software Engineer Co-op 2027,Spring 2027,False,,Co-op,,Software,"Rochester, NY",no-sponsorship,,$27 – $28 per hour,Python; Java; JavaScript; LLMs; AWS; Azure; Databricks; Snowflake,2026-09-11T15:30:58.836+00:00,exact,2026-09-12T14:37:33Z,https://jobs.ashbyhq.com/megazone/e2889469-cf20-4227-bf24-2a6e885f8dca
ashby:megazone:fde09888-986f-4207-88fe-3ff5b921a1fa,MegazoneCloud,Data Engineer Co-op 2027,Spring 2027,False,,Co-op,,Data & ML/AI,"Rochester, NY",no-sponsorship,,$27 – $29 per hour,Python; SQL; LLMs; AWS; Git; Databricks; Snowflake,2026-09-11T15:55:19.218+00:00,exact,2026-09-12T14:37:33Z,https://jobs.ashbyhq.com/megazone/fde09888-986f-4207-88fe-3ff5b921a1fa
greenhouse:businessolverinvitationonly:8189738,Businessolver,Business Intelligence Analyst Internship (Innovation & Data Science),Not stated,True,,Internship,,Data & ML/AI,United States,unknown,,$23/hr,Python; SQL; AWS,2026-09-11T17:00:00-04:00,exact,2026-09-11T23:26:39Z,https://job-boards.greenhouse.io/businessolverinvitationonly/jobs/8189738
oracle:hcgn.fa.us2.oraclecloud.com:49280,Citizens Financial Group,Data Science Graduate 2027 Summer Intern,Not stated,True,,Internship,,Data & ML/AI,United States,unknown,290,,Python; SQL; Pandas; Computer Vision; AWS; GCP; Azure; Snowflake,2026-09-11,date_only,2026-09-11T14:04:36Z,https://hcgn.fa.us2.oraclecloud.com/hcmUI/CandidateExperience/en/sites/CX_1/job/49280
smartrecruiters:WellmarkInc:744000148915793,Wellmark,Software Engineer Internship – User Experience Team,Not stated,True,,Internship,,Software,"Des Moines, IA, United States (Hybrid)",unknown,15,,Java; C++; TypeScript; SQL; Node.js; Angular,2026-09-11T02:35:58.376Z,exact,2026-09-11T05:24:21Z,https://jobs.smartrecruiters.com/WellmarkInc/744000148915793
smartrecruiters:WellmarkInc:744000148918178,Wellmark,Cyber Security Internship,Not stated,True,,Internship,,Security,"Des Moines, IA, United States (Hybrid)",unknown,15,,Python; Bash,2026-09-11T03:07:28.570Z,exact,2026-09-11T05:24:21Z,https://jobs.smartrecruiters.com/WellmarkInc/744000148918178
workday:corteva:/job/Indianapolis-Indiana-United-States/Data-Science-Summer-Intern_248208W,Corteva,Data Science Summer Intern,Not stated,True,,Internship,,Data & ML/AI,"Indianapolis, Indiana, United States",unknown,,,Python; AWS; GCP; Azure,2026-09-11T00:00:00Z,date_only,2026-09-11T21:10:12Z,https://corteva.wd5.myworkdayjobs.com/corteva/job/Indianapolis-Indiana-United-States/Data-Science-Summer-Intern_248208W
workday:crowe:/job/Chicago-IL-USA/D365-ERP-Technical-Intern_R-71039,Crowe,MSFT AI Business Solutions Technical Intern,Not stated,True,,Internship,,Data & ML/AI,Chicago IL USA,unknown,37,$27–$42/hr,Azure,2026-09-11T00:00:00Z,date_only,2026-09-11T18:02:31Z,https://crowe.wd12.myworkdayjobs.com/external_careers/job/Chicago-IL-USA/D365-ERP-Technical-Intern_R-71039
workday:directsupply:/job/Milwaukee-WI/Software-Engineer-Intern_REQ-2026-2559,Direct Supply,Software Engineer Intern,Not stated,True,,Internship,,Software,"Milwaukee, WI",unknown,11,,Python; C#; JavaScript; SQL,2026-09-11T00:00:00Z,date_only,2026-09-11T21:10:12Z,https://directsupply.wd501.myworkdayjobs.com/direct-supply-careers/job/Milwaukee-WI/Software-Engineer-Intern_REQ-2026-2559
workday:disney:/job/Anaheim-CA-USA/Disneyland-Cybersecurity-Intern--Spring-2027_FOS-0000451207-2,The Walt Disney Company,"Disneyland Cybersecurity Intern, Spring 2027",Spring 2027,False,,Internship,,Security,"Anaheim, CA, USA",unknown,,$39/hr,Linux,2026-09-11T00:00:00Z,date_only,2026-09-11T14:04:36Z,https://disney.wd5.myworkdayjobs.com/disneycareer/job/Anaheim-CA-USA/Disneyland-Cybersecurity-Intern--Spring-2027_FOS-0000451207-2
workday:fmr:/job/Boston-MA/Co-op--Software-Engineer_2135200,Fidelity Investments,"Co-op, Software Engineer",Not stated,True,,Co-op,,Software,"Boston, MA",unknown,2354,$20–$32/hr,Python; C#; JavaScript,2026-09-11T00:00:00Z,date_only,2026-09-11T21:10:12Z,https://fmr.wd1.myworkdayjobs.com/targeted/job/Boston-MA/Co-op--Software-Engineer_2135200
workday:oshkoshcorporation:/job/Oshkosh-Wisconsin-United-States/Cyber-Security-Intern_R50267,Oshkosh,Cyber Security Intern,Not stated,True,,Internship,,Security,"Oshkosh, Wisconsin, United States",unknown,2,,,2026-09-11T00:00:00Z,date_only,2026-09-11T18:02:31Z,https://oshkoshcorporation.wd5.myworkdayjobs.com/Oshkosh/job/Oshkosh-Wisconsin-United-States/Cyber-Security-Intern_R50267
workday:td:/job/Mount-Laurel-New-Jersey/XMLNAME-2027-Spring-Co-op---Global-Technology---Solutions---Cloud-DevOps_R_1510235,TD Bank,2027 Spring Co-op - Global Technology & Solutions - Cloud/DevOps,Spring 2027,False,,Co-op,,Software,"Mount Laurel, New Jersey",unknown,,,Terraform,2026-09-11T00:00:00Z,date_only,2026-09-11T05:24:21Z,https://td.wd3.myworkdayjobs.com/TD_Bank_Careers/job/Mount-Laurel-New-Jersey/XMLNAME-2027-Spring-Co-op---Global-Technology---Solutions---Cloud-DevOps_R_1510235
workday:td:/job/Mount-Laurel-New-Jersey/XMLNAME-2027-Spring-Co-op---Global-Technology---Solutions---Cyber-Security_R_1510103,TD Bank,2027 Spring Co-op - Global Technology & Solutions - Cyber Security,Spring 2027,False,,Co-op,,Security,"Mount Laurel, New Jersey",unknown,,,,2026-09-11T00:00:00Z,date_only,2026-09-11T05:24:21Z,https://td.wd3.myworkdayjobs.com/TD_Bank_Careers/job/Mount-Laurel-New-Jersey/XMLNAME-2027-Spring-Co-op---Global-Technology---Solutions---Cyber-Security_R_1510103
workday:td:/job/Mount-Laurel-New-Jersey/XMLNAME-2027-Spring-Co-op---Global-Technology---Solutions---Data-Analyst_R_1510236,TD Bank,2027 Spring Co-op - Global Technology & Solutions - Data Analyst,Spring 2027,False,,Co-op,,Data & ML/AI,"Mount Laurel, New Jersey",unknown,,,,2026-09-11T00:00:00Z,date_only,2026-09-11T05:24:21Z,https://td.wd3.myworkdayjobs.com/TD_Bank_Careers/job/Mount-Laurel-New-Jersey/XMLNAME-2027-Spring-Co-op---Global-Technology---Solutions---Data-Analyst_R_1510236
workday:td:/job/Mount-Laurel-New-Jersey/XMLNAME-2027-Spring-Co-op---Global-Technology---Solutions---Data-Engineer_R_1510111,TD Bank,2027 Spring Co-op - Global Technology & Solutions - Data Engineer,Spring 2027,False,,Co-op,,Data & ML/AI,"Mount Laurel, New Jersey",unknown,,,Hadoop,2026-09-11T00:00:00Z,date_only,2026-09-11T05:24:21Z,https://td.wd3.myworkdayjobs.com/TD_Bank_Careers/job/Mount-Laurel-New-Jersey/XMLNAME-2027-Spring-Co-op---Global-Technology---Solutions---Data-Engineer_R_1510111
workday:td:/job/Mount-Laurel-New-Jersey/XMLNAME-2027-Spring-Co-op---Global-Technology---Solutions---Software-Engineer--SWE-_R_1509773,TD Bank,2027 Spring Co-op - Global Technology & Solutions - Software Engineer (SWE),Spring 2027,False,,Co-op,,Software,"Mount Laurel, New Jersey",unknown,,,Java; JavaScript,2026-09-11T00:00:00Z,date_only,2026-09-11T05:24:21Z,https://td.wd3.myworkdayjobs.com/TD_Bank_Careers/job/Mount-Laurel-New-Jersey/XMLNAME-2027-Spring-Co-op---Global-Technology---Solutions---Software-Engineer--SWE-_R_1509773
ashby:bedrock-robotics:0331551e-c18e-428a-8e91-e6cb25c9c2e8,Bedrock Robotics,"Internship 2027 Onboard Infrastructure Engineer, ML Inference",Spring 2027,False,,Internship,,Data & ML/AI,"San Francisco, CA",unknown,,,C++; Rust; PyTorch; LLMs; CUDA,2026-09-10T21:22:05.089+00:00,exact,2026-09-10T22:42:52Z,https://jobs.ashbyhq.com/bedrock-robotics/0331551e-c18e-428a-8e91-e6cb25c9c2e8
ashby:bedrock-robotics:c51d682e-58ee-44de-886f-4cfacb56d2e1,Bedrock Robotics,"Internship 2027 Behavior Machine Learning Engineer, World Models",Spring 2027,False,,Internship,,Data & ML/AI,"San Francisco, CA",unknown,,,Python; PyTorch,2026-09-10T21:16:05.767+00:00,exact,2026-09-10T22:42:52Z,https://jobs.ashbyhq.com/bedrock-robotics/c51d682e-58ee-44de-886f-4cfacb56d2e1
greenhouse:rfsmart:5407206008,RF-SMART,Product Engineering Software Developer Internship - Spring & Summer 2027,Spring 2027,False,,Internship,,Software,"Jacksonville, Florida, United States",no-sponsorship,,$25/hr,C#; TypeScript,2026-09-10T16:55:43-04:00,exact,2026-09-10T22:42:52Z,https://job-boards.greenhouse.io/rfsmart/jobs/5407206008
greenhouse:schonfeld:8171699,Schonfeld,2027 Platform Engineering Intern,Spring 2027,False,,Internship,,Software,"New York, New York, United States",unknown,,,Python; Bash; AWS; Kubernetes; Terraform; Linux; Git,2026-09-10T12:09:58-04:00,exact,2026-09-10T17:26:33Z,https://job-boards.greenhouse.io/schonfeld/jobs/8171699
oracle:edbz.fa.us2.oraclecloud.com:25017625,Texas Instruments,Information Technology Intern – Software,Not stated,True,,Internship,,Software,"Dallas, TX, United States",no-sponsorship,234,,Python; Java; C++; JavaScript; SQL; React; Angular; HTML/CSS,2026-09-10,date_only,2026-09-10T17:26:33Z,https://edbz.fa.us2.oraclecloud.com/hcmUI/CandidateExperience/en/sites/CX_1/job/25017625
oracle:eevd.fa.us6.oraclecloud.com:2027455,Hearst,Software Engineering Intern,Not stated,True,,Internship,,Software,"Indianapolis, IN, United States",unknown,,,AWS; Azure,2026-09-10,date_only,2026-09-10T17:26:33Z,https://eevd.fa.us6.oraclecloud.com/hcmUI/CandidateExperience/en/sites/CX_1/job/2027455
oracle:fa-errt-saasfaprod1.fa.ocs.oraclecloud.com:5393,SCOR,Data Science Intern,Not stated,True,,Internship,,Data & ML/AI,"Charlotte, North Carolina, United States",unknown,,,Python; Git,2026-09-10,date_only,2026-09-10T20:17:02Z,https://fa-errt-saasfaprod1.fa.ocs.oraclecloud.com/hcmUI/CandidateExperience/en/sites/CX_2001/job/5393
workday:abglobal:/job/Nashville-Tennessee/Infrastructure-Engineering-Summer-Intern_R0019749,AllianceBernstein,Infrastructure Engineering Summer Intern,Not stated,True,,Internship,,Software,"Nashville, Tennessee",citizens-only,,,SQL; Linux,2026-09-10T00:00:00Z,date_only,2026-09-11T14:04:36Z,https://abglobal.wd1.myworkdayjobs.com/abcampuscareers/job/Nashville-Tennessee/Infrastructure-Engineering-Summer-Intern_R0019749
workday:abglobal:/job/Nashville-Tennessee/Software-Development-Summer-Intern_R0019771,AllianceBernstein,Software Development Summer Intern,Not stated,True,,Internship,,Software,"Nashville, Tennessee",citizens-only,,,Java; C++,2026-09-10T00:00:00Z,date_only,2026-09-11T14:04:36Z,https://abglobal.wd1.myworkdayjobs.com/abcampuscareers/job/Nashville-Tennessee/Software-Development-Summer-Intern_R0019771
workday:avav:/job/Centreville-VA/Software-Engineering-Intern_8593,Avav,Software Engineering Intern,Not stated,True,,Internship,,Software,"Centreville, VA",citizens-only,,,Python; Java; C++; Bash; Linux; Git,2026-09-10T00:00:00Z,date_only,2026-09-10T20:17:02Z,https://avav.wd1.myworkdayjobs.com/avav/job/Centreville-VA/Software-Engineering-Intern_8593
workday:avav:/job/Melbourne-FL/Software-Engineering-Intern_8613,Avav,Software Engineering Intern,Not stated,True,,Internship,,Software,"Melbourne, FL",citizens-only,,,Python; Java; C++; Bash; Linux; Git,2026-09-10T00:00:00Z,date_only,2026-09-10T20:17:02Z,https://avav.wd1.myworkdayjobs.com/avav/job/Melbourne-FL/Software-Engineering-Intern_8613
workday:bah:/job/McLean-VA/AI-RAN-Telecommunications-Engineer-Intern_R0246415,Booz Allen,AI RAN Telecommunications Engineer Intern,Not stated,True,,Internship,,Data & ML/AI,"McLean, VA",citizens-only,,$108k/yr,Python; C++; MATLAB,2026-09-10T00:00:00Z,date_only,2026-09-10T20:17:02Z,https://bah.wd1.myworkdayjobs.com/bah_jobs/job/McLean-VA/AI-RAN-Telecommunications-Engineer-Intern_R0246415
workday:bah:/job/McLean-VA/Enterprise-Cybersecurity-Data-Loss-Prevention-Intern_R0249131-1,Booz Allen,Enterprise Cybersecurity Data Loss Prevention Intern,Not stated,True,,Internship,,Data & ML/AI,"McLean, VA",citizens-only,,$108k/yr,AWS; GCP; Azure,2026-09-10T00:00:00Z,date_only,2026-09-10T20:17:02Z,https://bah.wd1.myworkdayjobs.com/bah_jobs/job/McLean-VA/Enterprise-Cybersecurity-Data-Loss-Prevention-Intern_R0249131-1
workday:bracco:/job/USA-Eden-Prairie-Minnesota-55344/Software-Engineering-Intern_JR100328,Bracco,Software Engineering Intern,Not stated,True,,Internship,,Software,"USA, Eden Prairie, Minnesota, 55344",unknown,,$23–$25/hr,Python; Java; C++; C#; TypeScript; Git,2026-09-10T00:00:00Z,date_only,2026-09-12T14:37:33Z,https://bracco.wd103.myworkdayjobs.com/braccocareers/job/USA-Eden-Prairie-Minnesota-55344/Software-Engineering-Intern_JR100328
workday:entegris:/job/Billerica-MA/Lab-Automation---AI-Engineering-Co-Op_REQ-14498-1,Entegris,Lab Automation & AI Engineering Co-Op,Spring 2027,False,,Co-op,,Data & ML/AI,"Billerica, MA",unknown,60,$20–$30/hr,Python; LLMs,2026-09-10T00:00:00Z,date_only,2026-09-11T14:04:36Z,https://entegris.wd1.myworkdayjobs.com/entegriscareers/job/Billerica-MA/Lab-Automation---AI-Engineering-Co-Op_REQ-14498-1
workday:entegris:/job/Chaska-MN/Cyber-Threat-Analyst-Co-Op_REQ-14505,Entegris,Cyber Threat Analyst Co-Op,Spring 2027,False,,Co-op,,Security,"Chaska, MN",unknown,60,$20–$30/hr,,2026-09-10T00:00:00Z,date_only,2026-09-11T14:04:36Z,https://entegris.wd1.myworkdayjobs.com/entegriscareers/job/Chaska-MN/Cyber-Threat-Analyst-Co-Op_REQ-14505
workday:entegris:/job/Chaska-MN/Cybersecurity-Engineer-Co-Op_REQ-14472-1,Entegris,Cybersecurity Engineer Co-Op,Spring 2027,False,,Co-op,,Security,"Chaska, MN",unknown,60,$20–$30/hr,Python; GCP; Azure; Terraform; Git,2026-09-10T00:00:00Z,date_only,2026-09-11T14:04:36Z,https://entegris.wd1.myworkdayjobs.com/entegriscareers/job/Chaska-MN/Cybersecurity-Engineer-Co-Op_REQ-14472-1
workday:globalhr:/job/US-IA-CEDAR-RAPIDS-109--400-Collins-Rd-NE--BLDG-109/Co-Op--Software-Engineer--Onsite_01871298,RTX,"Co-Op, Software Engineer- Onsite",Not stated,True,,Co-op,,Software,US-IA-CEDAR RAPIDS-109 ~ 400 Collins Rd NE ~ BLDG 109,citizens-only,,,Python; C#; SQL; Angular; Flask; Git,2026-09-10T00:00:00Z,date_only,2026-09-10T17:26:33Z,https://globalhr.wd5.myworkdayjobs.com/rec_rtx_ext_gateway/job/US-IA-CEDAR-RAPIDS-109--400-Collins-Rd-NE--BLDG-109/Co-Op--Software-Engineer--Onsite_01871298
workday:globalhr:/job/US-IA-CEDAR-RAPIDS-131--5450-C-Ave-NE--BLDG-131/Software-Engineer-Co-Op---Onsite_01871478,RTX,Software Engineer Co-Op - Onsite,Not stated,True,,Co-op,,Software,US-IA-CEDAR RAPIDS-131 ~ 5450 C Ave NE ~ BLDG 131,no-sponsorship,,,Python; C++,2026-09-10T00:00:00Z,date_only,2026-09-10T20:17:02Z,https://globalhr.wd5.myworkdayjobs.com/rec_rtx_ext_gateway/job/US-IA-CEDAR-RAPIDS-131--5450-C-Ave-NE--BLDG-131/Software-Engineer-Co-Op---Onsite_01871478
workday:magna:/job/Southfield-Michigan-US/Intern---Engineering-Software_R00260232,Magna International,Intern - Engineering Software,Not stated,True,,Internship,,Software,"Southfield, Michigan, US",unknown,141,,MATLAB,2026-09-10T00:00:00Z,date_only,2026-09-10T20:17:02Z,https://magna.wd3.myworkdayjobs.com/Magna/job/Southfield-Michigan-US/Intern---Engineering-Software_R00260232
workday:ngc:/job/United-States-Ohio-Cincinnati/XMLNAME-2027-Spring-Co-op-Cyber-Software-Engineer-Intern---Cincinnati-OH_R10250275-1,Northrop Grumman,2027 Spring Co-op Cyber Software Engineer Intern - Cincinnati OH,Spring 2027,False,,Internship / Co-op,,Security,United States-Ohio-Cincinnati,citizens-only,,$19.5–$35.5/hr,Git,2026-09-10T00:00:00Z,date_only,2026-09-10T17:26:33Z,https://ngc.wd1.myworkdayjobs.com/Northrop_Grumman_External_Site/job/United-States-Ohio-Cincinnati/XMLNAME-2027-Spring-Co-op-Cyber-Software-Engineer-Intern---Cincinnati-OH_R10250275-1
workday:sanofi:/job/Waltham-MA/XMLNAME-2027-Spring-Co-op-Bioinformatic-Digital-Data-Scientist---Global-Immunology--Waltham--MA_R2854604,Sanofi,"2027 Spring Co-op Bioinformatic Digital Data Scientist - Global Immunology, Waltham, MA",Spring 2027,False,,Co-op,,Data & ML/AI,"Waltham, MA",unknown,,,Python,2026-09-10T00:00:00Z,date_only,2026-09-10T20:17:02Z,https://sanofi.wd3.myworkdayjobs.com/SanofiCareers/job/Waltham-MA/XMLNAME-2027-Spring-Co-op-Bioinformatic-Digital-Data-Scientist---Global-Immunology--Waltham--MA_R2854604
ashby:interplay:bdf67758-1f20-4a01-8bb3-ccebfa79e9ac,Internship,AI Labs Intern,Not stated,True,,Internship,,Data & ML/AI,New York,unknown,,,Python; TypeScript; JavaScript; SQL; LLMs; Next.js,2026-09-09T17:02:17.534+00:00,exact,2026-09-09T19:45:14Z,https://jobs.ashbyhq.com/interplay/bdf67758-1f20-4a01-8bb3-ccebfa79e9ac
ashby:seqholdings:9dc9a7f3-198a-43c0-be75-a3aba228bf2c,Sequence Holdings,Software Engineer (Intern),Not stated,True,,Internship,,Software,New York City,unknown,,,,2026-09-09T14:16:06.066+00:00,exact,2026-09-10T13:50:41Z,https://jobs.ashbyhq.com/seqholdings/9dc9a7f3-198a-43c0-be75-a3aba228bf2c
greenhouse:amperesand:4381214009,Amperesand,Product Software Intern,Not stated,True,,Internship,,Software,"Reno, Nevada, United States; San Francisco, California, United States",unknown,,,C++; Go; Rust,2026-09-09T14:28:38-04:00,exact,2026-09-10T13:50:41Z,https://job-boards.greenhouse.io/amperesand/jobs/4381214009
greenhouse:epicgames:6183293004,Epic Games,Backend Services Programmer Intern,Not stated,True,,Internship,,Software,"Cary,North Carolina,United States",unknown,28,,Java; AWS; Unreal,2026-09-09T20:30:00-04:00,exact,2026-09-10T04:45:24Z,https://epicgames.com/careers/jobs/6183293004?gh_jid=6183293004
greenhouse:rocketlab:7989724003,Rocket Lab,Flight Software Intern Spring 2027,Spring 2027,False,,Internship,,Software,"Littleton, CO",citizens-only,,,Python; C++; Rust; Git,2026-09-09T18:48:43-04:00,exact,2026-09-10T00:20:22Z,https://job-boards.greenhouse.io/rocketlab/jobs/7989724003
lever:crestoperations:e012721c-e731-483d-a4e3-1a240c48bfbd,Crest Industries,Developer Intern,Not stated,True,,Internship,,Software,"Pineville, Louisiana",unknown,,,,2026-09-09T17:16:25Z,exact,2026-09-09T19:45:14Z,https://jobs.lever.co/crestoperations/e012721c-e731-483d-a4e3-1a240c48bfbd
oracle:edbz.fa.us2.oraclecloud.com:25017573,Texas Instruments,Software Engineering Intern,Not stated,True,,Internship,,Software,"Dallas, TX, United States; Sugar Land, TX, United States",no-sponsorship,234,,,2026-09-09,date_only,2026-09-09T19:45:14Z,https://edbz.fa.us2.oraclecloud.com/hcmUI/CandidateExperience/en/sites/CX_1/job/25017573
oracle:fa-evfm-saasfaprod1.fa.ocs.oraclecloud.com:15624,Zachry Group,Cyber Security Specialist I - Intern,Not stated,True,,Internship,,Security,"Stonington, CT, United States; Charlotte, NC, United States",unknown,,,HTML/CSS,2026-09-09,date_only,2026-09-09T12:06:40Z,https://fa-evfm-saasfaprod1.fa.ocs.oraclecloud.com/hcmUI/CandidateExperience/en/sites/CX_1029/job/15624
workday:ag:/job/Herndon-Area-VA/Summer-Internship---Digital-AI-Transformation_JR10437881,Airbus,Summer Internship - Digital/AI Transformation,Not stated,True,,Internship,,Data & ML/AI,"Herndon Area, VA",unknown,,$24–$39.75/hr,,2026-09-09T00:00:00Z,date_only,2026-09-09T19:45:14Z,https://ag.wd3.myworkdayjobs.com/Airbus/job/Herndon-Area-VA/Summer-Internship---Digital-AI-Transformation_JR10437881
workday:allegion:/job/Indianapolis-IN---Hague-Rd/Summer-Intern---Firmware-Engineer_JR37333-1,Allegion,Summer Intern - Firmware Engineer,Not stated,True,,Internship,,Hardware,"Indianapolis, IN - Hague Rd",unknown,,,Python; C#,2026-09-09T00:00:00Z,date_only,2026-09-10T04:45:24Z,https://allegion.wd5.myworkdayjobs.com/careers/job/Indianapolis-IN---Hague-Rd/Summer-Intern---Firmware-Engineer_JR37333-1
workday:bah:/job/McLean-VA/Enterprise-Cybersecurity-Education-and-Execution-Intern_R0249071,Booz Allen,Enterprise Cybersecurity Education and Execution Intern,Not stated,True,,Internship,,Security,"McLean, VA",citizens-only,,$108k/yr,,2026-09-09T00:00:00Z,date_only,2026-09-09T22:12:04Z,https://bah.wd1.myworkdayjobs.com/bah_jobs/job/McLean-VA/Enterprise-Cybersecurity-Education-and-Execution-Intern_R0249071
workday:bah:/job/McLean-VA/University---Summer-27--Enterprise-Cybersecurity-Data-Loss-Prevention-Intern_R0249083,Booz Allen,"University – Summer 27, Enterprise Cybersecurity Data Loss Prevention Intern",Not stated,True,,Internship,,Data & ML/AI,"McLean, VA",citizens-only,,$108k/yr,AWS; GCP; Azure,2026-09-09T00:00:00Z,date_only,2026-09-09T22:12:04Z,https://bah.wd1.myworkdayjobs.com/bah_jobs/job/McLean-VA/University---Summer-27--Enterprise-Cybersecurity-Data-Loss-Prevention-Intern_R0249083
workday:bah:/job/McLean-VA/University---Summer-27--Enterprise-Cybersecurity-IT-Policy-Intern_R0249077,Booz Allen,"University – Summer 27, Enterprise Cybersecurity IT Policy Intern",Not stated,True,,Internship,,Security,"McLean, VA",citizens-only,,$108k/yr,,2026-09-09T00:00:00Z,date_only,2026-09-09T22:12:04Z,https://bah.wd1.myworkdayjobs.com/bah_jobs/job/McLean-VA/University---Summer-27--Enterprise-Cybersecurity-IT-Policy-Intern_R0249077
workday:bah:/job/McLean-VA/University---Summer-27--Enterprise-Cybersecurity-Vulnerability-Intern_R0249085,Booz Allen,"University – Summer 27, Enterprise Cybersecurity Vulnerability Intern",Not stated,True,,Internship,,Security,"McLean, VA",citizens-only,,$126k/yr,Python; SQL; AWS; GCP; Azure; Tableau,2026-09-09T00:00:00Z,date_only,2026-09-09T22:12:04Z,https://bah.wd1.myworkdayjobs.com/bah_jobs/job/McLean-VA/University---Summer-27--Enterprise-Cybersecurity-Vulnerability-Intern_R0249085
workday:entegris:/job/Decatur-TX/AI-Continuous-Improvement-Co-Op_REQ-14509,Entegris,AI Continuous Improvement Co-Op,Spring 2027,False,,Co-op,,Data & ML/AI,"Decatur, TX",unknown,60,$20–$30/hr,Python; SQL,2026-09-09T00:00:00Z,date_only,2026-09-09T19:45:14Z,https://entegris.wd1.myworkdayjobs.com/entegriscareers/job/Decatur-TX/AI-Continuous-Improvement-Co-Op_REQ-14509
workday:graco:/job/Dayton-Minnesota-USA-French-Lake/AI-Intern_R0023511-1,Graco,AI Intern,Not stated,True,,Internship,,Data & ML/AI,"Dayton, Minnesota, USA (French Lake)",no-sponsorship,,,Python; LLMs; AWS; Azure; Kubernetes; Docker; Git,2026-09-09T00:00:00Z,date_only,2026-09-09T19:45:14Z,https://graco.wd501.myworkdayjobs.com/Graco_Careers/job/Dayton-Minnesota-USA-French-Lake/AI-Intern_R0023511-1
workday:graco:/job/Dayton-Minnesota-USA-French-Lake/AI-intern_R0023512,Graco,AI intern,Not stated,True,,Internship,,Data & ML/AI,"Dayton, Minnesota, USA (French Lake)",no-sponsorship,,,Python; LLMs; AWS; Azure; Kubernetes; Docker; Git,2026-09-09T00:00:00Z,date_only,2026-09-09T19:45:14Z,https://graco.wd501.myworkdayjobs.com/Graco_Careers/job/Dayton-Minnesota-USA-French-Lake/AI-intern_R0023512
workday:greatamerica:/job/Cedar-Rapids-IA/Software-Engineer-Intern_JR1221,GreatAmerica Financial Services,Software Engineer Intern,Not stated,True,,Internship,,Software,"Cedar Rapids, IA",unknown,,,SQL; .NET,2026-09-09T00:00:00Z,date_only,2026-09-10T13:50:41Z,https://greatamerica.wd12.myworkdayjobs.com/greatamericacareers/job/Cedar-Rapids-IA/Software-Engineer-Intern_JR1221
workday:myhrhome:/job/Evansville-IN/Software-Developer-Intern---Document-Shared-Services--Part-Time-_R2608-52284,OneMain Financial,Software Developer Intern – Document Shared Services (Part-Time),Not stated,True,,Internship,,Software,"Evansville, IN",unknown,,,,2026-09-09T00:00:00Z,date_only,2026-09-09T16:48:30Z,https://myhrhome.wd1.myworkdayjobs.com/OneMainCareers/job/Evansville-IN/Software-Developer-Intern---Document-Shared-Services--Part-Time-_R2608-52284
amazon:amazon:3117694,Amazon,"System Dev Engineer I Co-op (Robotics), Autonomous AI Security",Not stated,True,,Co-op,,Data & ML/AI,"Austin, Texas, USA",unknown,23139,,Python; C++; Computer Vision; AWS; Git,2026-09-08T00:00:00Z,date_only,2026-09-08T20:27:59Z,https://www.amazon.jobs/en/jobs/3117694/system-dev-engineer-i-co-op-robotics-autonomous-ai-security
ashby:allen-control-systems:a7831fef-7125-4c03-b828-5f0472989037,Allen Control Systems,"Computer Vision/Machine Learning Intern, 2027",Spring 2027,False,,Internship,,Data & ML/AI,"Austin, TX",unknown,,,Computer Vision; Python; C++; PyTorch; TensorFlow,2026-09-08T21:21:47.890+00:00,exact,2026-09-08T23:13:14Z,https://jobs.ashbyhq.com/allen-control-systems/a7831fef-7125-4c03-b828-5f0472989037
ashby:allen-control-systems:ed5c58a7-6a3c-474b-aa07-43ff2051cb5c,Allen Control Systems,"Software Engineering Intern, 2027",Spring 2027,False,,Internship,,Software,"Austin, TX",unknown,,,Python; Java; C++; Kotlin; Computer Vision; Linux,2026-09-08T21:15:51.942+00:00,exact,2026-09-09T01:28:48Z,https://jobs.ashbyhq.com/allen-control-systems/ed5c58a7-6a3c-474b-aa07-43ff2051cb5c
greenhouse:eudia:4020078009,Eudia,AI Engineer Intern,Not stated,True,,Internship,,Data & ML/AI,"Palo Alto, CA",unknown,,,LLMs,2026-09-08T15:58:26-04:00,exact,2026-09-08T20:27:59Z,https://job-boards.greenhouse.io/eudia/jobs/4020078009
greenhouse:fspco-op012325:8783960002,Flagship Pioneering,Pioneering Intelligence: Data Science Co-Op (Embedded Science Team),Not stated,True,,Co-op,,Data & ML/AI,"Cambridge, MA USA",unknown,6,$25–$35/hr,Python; PyTorch; AWS; GCP; Azure; Git,2026-09-08T13:08:58-04:00,exact,2026-09-08T17:42:56Z,https://job-boards.greenhouse.io/fspco-op012325/jobs/8783960002
greenhouse:syskahennessy:8177938,Syska Hennessy Group,Software Developer (Innovation) Summer Intern,Not stated,True,,Internship,,Software,"New York, NY",unknown,,,Python; Java; JavaScript; Swift; Kotlin; HTML/CSS; Git,2026-09-08T12:08:55-04:00,exact,2026-09-08T17:42:56Z,https://job-boards.greenhouse.io/syskahennessy/jobs/8177938
oracle:hdjq.fa.us2.oraclecloud.com:26010396,Emerson Electric,Software Development Intern,Not stated,True,,Internship,,Software,"Austin, TX, United States",unknown,8,,Python; Java; C++; C#; JavaScript; SQL; PyTorch; TensorFlow,2026-09-08,date_only,2026-09-08T23:13:14Z,https://hdjq.fa.us2.oraclecloud.com/hcmUI/CandidateExperience/en/sites/CX_1/job/26010396
smartrecruiters:M3USA:744000148244649,M3USA,AI Engineering Intern (Remote),Not stated,True,,Internship,yes,Data & ML/AI,"Fort Washington, PA, United States (Remote)",unknown,,,Python; TypeScript; JavaScript; LLMs; HTML/CSS; Git,2026-09-08T13:47:05.082Z,exact,2026-09-08T17:42:56Z,https://jobs.smartrecruiters.com/M3USA/744000148244649
workable:coretek-services:8D69C6C871,Coretek Services,AI & Automation Development Intern,Not stated,True,,Internship,,Data & ML/AI,"Farmington Hills, Michigan, United States",unknown,,,Python; Java; C#; LLMs; Azure,2026-09-08T00:00:00.000Z,date_only,2026-09-09T16:48:30Z,https://apply.workable.com/coretek-services/j/8D69C6C871/
workable:smartflower-solar-llc:240CCDA520,Smartflower Solar Llc,Embedded Systems Engineering Intern - Spring '27,Spring 2027,False,,Internship,,Software,"Woburn, Massachusetts, United States",unknown,,,Python; C++,2026-09-08T00:00:00.000Z,date_only,2026-09-10T20:17:02Z,https://apply.workable.com/smartflower-solar-llc/j/240CCDA520/
workable:syntiant:113F994B7B,Syntiant,Machine Learning Intern - KWS/AED,Not stated,True,,Internship,,Data & ML/AI,"Redwood City, California, United States",unknown,5,,Python; PyTorch; TensorFlow,2026-09-08T00:00:00.000Z,date_only,2026-09-09T16:48:30Z,https://apply.workable.com/syntiant/j/113F994B7B/
workday:allegion:/job/Farmington-CT/Firmware-Engineer-Intern_JR37449-1,Allegion,Summer Intern - Firmware Engineer,Not stated,True,,Internship,,Hardware,"Farmington, CT",unknown,,$25–$26/hr,,2026-09-08T00:00:00Z,date_only,2026-09-08T23:13:14Z,https://allegion.wd5.myworkdayjobs.com/careers/job/Farmington-CT/Firmware-Engineer-Intern_JR37449-1
workday:allegion:/job/Indianapolis-IN---Hague-Rd/Summer-Intern---Firmware-Engineer--Advanced-Development----Indianapolis--IN_JR37458-1,Allegion,"Summer Intern – Firmware Engineer (Advanced Development) – Indianapolis, IN",Not stated,True,,Internship,,Hardware,"Indianapolis, IN - Hague Rd",unknown,,,Python,2026-09-08T00:00:00Z,date_only,2026-09-08T20:27:59Z,https://allegion.wd5.myworkdayjobs.com/careers/job/Indianapolis-IN---Hague-Rd/Summer-Intern---Firmware-Engineer--Advanced-Development----Indianapolis--IN_JR37458-1
workday:bah:/job/McLean-VA/University--Applied-AI-Software-Development-Intern_R0248854,Booz Allen,"University, Applied AI Software Development Intern",Not stated,True,,Internship,,Data & ML/AI,"McLean, VA",citizens-only,,$126k/yr,Python; Java; C++; JavaScript; SQL,2026-09-08T00:00:00Z,date_only,2026-09-08T17:42:56Z,https://bah.wd1.myworkdayjobs.com/Confidential/job/McLean-VA/University--Applied-AI-Software-Development-Intern_R0248854
workday:bah:/job/Washington-DC/University--Applied-AI-Intern_R0248853,Booz Allen,"University, Applied AI Intern",Not stated,True,,Internship,,Data & ML/AI,"Washington, DC",citizens-only,,$158k/yr,Python; Java; C++; JavaScript; SQL,2026-09-08T00:00:00Z,date_only,2026-09-08T17:42:56Z,https://bah.wd1.myworkdayjobs.com/Confidential/job/Washington-DC/University--Applied-AI-Intern_R0248853
workday:boeing:/job/USA---Tukwila-WA/Boeing-Engineering---Technology-Innovation-Graduate-Researcher-Program--Software-Engineering-Artificial-Intelligence-Intern_JR2026523687,The Boeing Company,"Boeing Engineering & Technology Innovation Graduate Researcher Program, Software Engineering Artificial Intelligence Intern",Not stated,True,,Internship,,Data & ML/AI,"USA - Tukwila, WA",citizens-only,28,,Python; Java; C++; SQL; MATLAB; Git; Airflow; Tableau,2026-09-08T00:00:00Z,date_only,2026-09-08T23:13:14Z,https://boeing.wd1.myworkdayjobs.com/EXTERNAL_CAREERS/job/USA---Tukwila-WA/Boeing-Engineering---Technology-Innovation-Graduate-Researcher-Program--Software-Engineering-Artificial-Intelligence-Intern_JR2026523687
workday:buildertrend:/job/Omaha-NE/Software-Engineering-Inter_JR-000467,Buildertrend,Software Engineering Intern,Not stated,True,,Internship,,Software,"Omaha, NE",unknown,,$28/hr,Java; C#; React; Git,2026-09-08T00:00:00Z,date_only,2026-09-09T16:48:30Z,https://buildertrend.wd108.myworkdayjobs.com/External_Careers/job/Omaha-NE/Software-Engineering-Inter_JR-000467
workday:chrobinson:/job/Eden-Prairie-MN-United-States-of-America/Software-Engineering-Internship-2027_R49323,C.H. Robinson,Software Engineering Internship 2027,Spring 2027,False,,Internship,,Software,"Eden Prairie, MN United States of America",unknown,,$15–$30/hr,C#; JavaScript; SQL; React; HTML/CSS; Git,2026-09-08T00:00:00Z,date_only,2026-09-08T20:27:59Z,https://chrobinson.wd5.myworkdayjobs.com/CHRobinson/job/Eden-Prairie-MN-United-States-of-America/Software-Engineering-Internship-2027_R49323
workday:cisco:/job/USA-RESEARCH-TRIANGLE-PARK/Software-Consulting-Engineer-I--Intern--United-States_2025180,Cisco,Software Consulting Engineer I (Intern) United States,Not stated,True,,Internship,,Software,USA-RESEARCH TRIANGLE PARK,unknown,,,Python; Java; SQL; Vue; Spring; Linux; Git,2026-09-08T00:00:00Z,date_only,2026-09-08T23:13:14Z,https://cisco.wd5.myworkdayjobs.com/cisco_careers/job/USA-RESEARCH-TRIANGLE-PARK/Software-Consulting-Engineer-I--Intern--United-States_2025180
workday:devonenergy:/job/Oklahoma-City-OK/Cyber-Security-Intern-2027_R26303-1,Devon Energy,Cyber Security Intern 2027,Spring 2027,False,,Internship,,Security,"Oklahoma City, OK",unknown,4,,,2026-09-08T00:00:00Z,date_only,2026-09-08T23:13:14Z,https://wd5.myworkdaysite.com/recruiting/devonenergy/Careers/job/Oklahoma-City-OK/Cyber-Security-Intern-2027_R26303-1
workday:gilead:/job/United-States---California---Foster-City/Intern---Development---CDS-AI-Research-Center_R0054625,Gilead Sciences,Intern - Development - CDS AI Research Center,Not stated,True,,Internship,,Data & ML/AI,United States - California - Foster City,no-sponsorship,272,,PyTorch; scikit-learn,2026-09-08T00:00:00Z,date_only,2026-09-08T09:19:33Z,https://gilead.wd1.myworkdayjobs.com/gileadcareers/job/United-States---California---Foster-City/Intern---Development---CDS-AI-Research-Center_R0054625
workday:gilead:/job/United-States---California---Foster-City/Intern---Development---CDS-AI-Research-Center_R0054721,Gilead Sciences,Intern - Development - CDS AI Research Center,Not stated,True,,Internship,,Data & ML/AI,United States - California - Foster City,no-sponsorship,272,,Python; Java; C#; TypeScript; SQL; LLMs; AWS,2026-09-08T00:00:00Z,date_only,2026-09-08T09:19:33Z,https://gilead.wd1.myworkdayjobs.com/gileadcareers/job/United-States---California---Foster-City/Intern---Development---CDS-AI-Research-Center_R0054721
workday:gilead:/job/United-States---California---Foster-City/Intern---Development---DevOps-Business-Strategy-Leader_R0054772,Gilead Sciences,Intern - Development - DevOps Business Strategy,Not stated,True,,Internship,,Software,United States - California - Foster City,no-sponsorship,272,,,2026-09-08T00:00:00Z,date_only,2026-09-08T09:19:33Z,https://gilead.wd1.myworkdayjobs.com/gileadcareers/job/United-States---California---Foster-City/Intern---Development---DevOps-Business-Strategy-Leader_R0054772
workday:gilead:/job/United-States---North-Carolina---Raleigh/Intern---CFO---IT--AI-Engineer-_R0054744,Gilead Sciences,Intern - CFO - IT (AI Engineer),Not stated,True,,Internship,,Data & ML/AI,United States - North Carolina - Raleigh,no-sponsorship,272,,LLMs; AWS; Databricks,2026-09-08T00:00:00Z,date_only,2026-09-08T04:39:15Z,https://gilead.wd1.myworkdayjobs.com/gileadcareers/job/United-States---North-Carolina---Raleigh/Intern---CFO---IT--AI-Engineer-_R0054744
workday:globalhr:/job/US-IA-CEDAR-RAPIDS-107--400-Collins-Rd-NE--BLDG-107/Software-Engineering-Co-op--Fall-Spring-2027-_01872683,RTX,Software Engineering Co-op (Fall/Spring 2027),Spring 2027,False,,Co-op,,Software,US-IA-CEDAR RAPIDS-107 ~ 400 Collins Rd NE ~ BLDG 107,unknown,,,Python; C++; Git,2026-09-08T00:00:00Z,date_only,2026-09-08T23:13:14Z,https://globalhr.wd5.myworkdayjobs.com/rec_rtx_ext_gateway/job/US-IA-CEDAR-RAPIDS-107--400-Collins-Rd-NE--BLDG-107/Software-Engineering-Co-op--Fall-Spring-2027-_01872683
workday:globalhr:/job/US-IA-CEDAR-RAPIDS-193--1120-Collins-Rd-NE--BLDG193/Electrical-Firmware--Winter-Spring-Co-op--Onsite-_01871872,RTX,Electrical Firmware (Winter/Spring Co-op)(Onsite),Not stated,True,,Co-op,,Hardware,US-IA-CEDAR RAPIDS-193 ~ 1120 Collins Rd NE ~ BLDG193,citizens-only,,,Python; C++; Linux; Verilog,2026-09-08T00:00:00Z,date_only,2026-09-08T23:13:14Z,https://globalhr.wd5.myworkdayjobs.com/Private_Posting_No_TMP/job/US-IA-CEDAR-RAPIDS-193--1120-Collins-Rd-NE--BLDG193/Electrical-Firmware--Winter-Spring-Co-op--Onsite-_01871872-1
workday:micron:/job/Boise-ID---Main-Site/Intern---Software-Engineer_JR108550,Micron Technology,Intern - Software Engineer,Not stated,True,,Internship,,Software,"Boise, ID - Main Site",unknown,489,,Python; C#; JavaScript; SQL; LLMs; Azure; Git,2026-09-08T00:00:00Z,date_only,2026-09-08T09:19:33Z,https://micron.wd1.myworkdayjobs.com/External/job/Boise-ID---Main-Site/Intern---Software-Engineer_JR108550
workday:swbc:/job/San-Antonio-TX/DevOps-Intern_R0015484-2,SWBC,DevOps Intern,Not stated,True,,Internship,,Software,"San Antonio, TX",unknown,,,Java; C#,2026-09-08T00:00:00Z,date_only,2026-09-08T23:13:14Z,https://swbc.wd1.myworkdayjobs.com/swbccareers/job/San-Antonio-TX/DevOps-Intern_R0015484-2
workday:swbc:/job/San-Antonio-TX/Software-Engineering-Intern_R0015482-2,SWBC,Software Engineering Intern,Not stated,True,,Internship,,Software,"San Antonio, TX",unknown,,,C#; JavaScript,2026-09-08T00:00:00Z,date_only,2026-09-08T23:13:14Z,https://swbc.wd1.myworkdayjobs.com/swbccareers/job/San-Antonio-TX/Software-Engineering-Intern_R0015482-2
workday:hp:/job/Spring-Texas-United-States-of-America/Software-Product-Security-Engineer-Intern_UNI4740-1,Hewlett Packard (HP),Software Product Security Engineer Intern,Not stated,True,,Internship,,Security,"Spring, Texas, United States of America",no-sponsorship,,$35–$40/hr,Python; Java; C#; TypeScript; AWS; Azure,2026-09-07T00:00:00Z,date_only,2026-09-07T21:42:11Z,https://hp.wd5.myworkdayjobs.com/ExternalCareerSite/job/Spring-Texas-United-States-of-America/Software-Product-Security-Engineer-Intern_UNI4740-1
workday:hp:/job/Vancouver-Washington-United-States-of-America/Business-Intelligence-and-Infrastructure-Analysts--Intern_UNI4669-1,Hewlett Packard (HP),Business Intelligence and Infrastructure Analysts  Intern,Not stated,True,,Internship,,Software,"Vancouver, Washington, United States of America",unknown,,,,2026-09-07T00:00:00Z,date_only,2026-09-08T00:00:36Z,https://hp.wd5.myworkdayjobs.com/ExternalCareerSite/job/Vancouver-Washington-United-States-of-America/Business-Intelligence-and-Infrastructure-Analysts--Intern_UNI4669-1
workday:hpe:/job/Bloomington-Minnesota-United-States-of-America/HPC-AI-Systems-Administrator-Intern_1213396,Hewlett Packard Enterprise,HPC AI Systems Administrator Intern,Not stated,True,,Internship,,Data & ML/AI,"Bloomington, Minnesota, United States of America",unknown,499,,Python; Bash; HTML/CSS; Linux; Git,2026-09-06T00:00:00Z,date_only,2026-09-07T06:14:02Z,https://hpe.wd5.myworkdayjobs.com/Jobsathpe/job/Bloomington-Minnesota-United-States-of-America/HPC-AI-Systems-Administrator-Intern_1213396
greenhouse:harbingermotors:5231842007,Harbinger Motors,"Intern, Cybersecurity",Not stated,True,,Internship,,Security,"Garden Grove, CA",unknown,,,Python; Bash,2026-09-05T23:34:20-04:00,exact,2026-09-06T06:02:11Z,https://job-boards.greenhouse.io/harbingermotors/jobs/5231842007
amazon:amazon:10529525,Amazon,"Software Development Engineer Intern/Co-Op, ROBOTICS -  2027",Spring 2027,False,,Internship / Co-op,,Hardware,"North Reading, Massachusetts, USA",unknown,23139,,Python; Java; C++; C#; Rust; TypeScript; SQL; LLMs,2026-09-04T00:00:00Z,date_only,2026-09-04T01:32:03Z,https://www.amazon.jobs/en/jobs/10529525/software-development-engineer-intern-co-op-robotics-2027
greenhouse:garnerhealth:6164698004,Garner Health,Software Engineering Intern,Not stated,True,,Internship,,Software,"New York City, New York",no-sponsorship,,,Python; TypeScript; JavaScript; React; Node.js; AWS; Kubernetes; Docker,2026-09-04T17:39:04-04:00,exact,2026-09-04T23:30:42Z,https://job-boards.greenhouse.io/garnerhealth/jobs/6164698004
greenhouse:schonfeld:8171692,Schonfeld,2027 Data Science Intern,Spring 2027,False,,Internship,,Data & ML/AI,"New York, New York, United States",unknown,,,Python; SQL; Docker; Kafka; Airflow,2026-09-04T12:42:57-04:00,exact,2026-09-04T19:19:19Z,https://job-boards.greenhouse.io/schonfeld/jobs/8171692
greenhouse:schonfeld:8171696,Schonfeld,2027 Cybersecurity Operations Intern,Spring 2027,False,,Internship,,Security,"New York, New York, United States",unknown,,,,2026-09-04T12:42:38-04:00,exact,2026-09-04T19:19:19Z,https://job-boards.greenhouse.io/schonfeld/jobs/8171696
greenhouse:schonfeld:8180089,Schonfeld,2027 Software Engineering Intern,Spring 2027,False,,Internship,,Software,"New York, New York, United States",unknown,,,Python; Java; C++; Git,2026-09-04T12:41:36-04:00,exact,2026-09-04T19:19:19Z,https://job-boards.greenhouse.io/schonfeld/jobs/8180089
oracle:edbz.fa.us2.oraclecloud.com:25017705,Texas Instruments,Systems Engineering Intern - Machine Learning Expert,Not stated,True,,Internship,,Data & ML/AI,"Dallas, TX, United States",unknown,234,,Python; C++; PyTorch; LLMs,2026-09-04,date_only,2026-09-04T16:33:04Z,https://edbz.fa.us2.oraclecloud.com/hcmUI/CandidateExperience/en/sites/CX_1/job/25017705
oracle:fa-evmr-saasfaprod1.fa.ocs.oraclecloud.com:39978,Nokia,AI-Agent Development Co-op,Not stated,True,,Co-op,,Data & ML/AI,United States,unknown,,,Python; LLMs; Git,2026-09-04,date_only,2026-09-04T19:19:19Z,https://fa-evmr-saasfaprod1.fa.ocs.oraclecloud.com/hcmUI/CandidateExperience/en/sites/CX_1/job/39978
oracle:hdhl.fa.us6.oraclecloud.com:1007589,Stantec,Digital Practice Co-op/Intern - Infrastructure (Spring/Summer 2027),Spring 2027,False,,Internship / Co-op,,Software,"Washington, DC, United States",unknown,,,,2026-09-04,date_only,2026-09-04T16:33:04Z,https://hdhl.fa.us6.oraclecloud.com/hcmUI/CandidateExperience/en/sites/CX_1/job/1007589
smartrecruiters:Loram1:3743990015082845,Loram,Machine Learning / Artificial Intelligence (AI) Intern,Not stated,True,,Internship,,Data & ML/AI,"Hamel, MN, United States",unknown,,,Python; C#; SQL; PyTorch; Pandas; Computer Vision; Docker; Linux,2026-09-04T17:03:37.827Z,exact,2026-09-04T19:19:19Z,https://jobs.smartrecruiters.com/Loram1/3743990015082845
workday:cna:/job/Chicago-IL-USA/Technology-Internship-Program--AI-Engineering-_R-8126,CNA Insurance,Technology Internship Program (AI Engineering),Not stated,True,,Internship,,Data & ML/AI,"Chicago, IL, USA",no-sponsorship,,$35k–$65k/yr,Python; SQL; Terraform,2026-09-04T00:00:00Z,date_only,2026-09-04T23:30:42Z,https://cna.wd1.myworkdayjobs.com/CNA_Careers/job/Chicago-IL-USA/Technology-Internship-Program--AI-Engineering-_R-8126
workday:cna:/job/Chicago-IL-USA/Technology-Internship-Program--AI-Strategy-_R-8127-1,CNA Insurance,Technology Internship Program (AI Strategy),Not stated,True,,Internship,,Data & ML/AI,"Chicago, IL, USA",no-sponsorship,,$35k–$65k/yr,LLMs,2026-09-04T00:00:00Z,date_only,2026-09-04T23:30:42Z,https://cna.wd1.myworkdayjobs.com/CNA_Careers/job/Chicago-IL-USA/Technology-Internship-Program--AI-Strategy-_R-8127-1
workday:cna:/job/Chicago-IL-USA/Technology-Internship-Program--Cybersecurity-_R-8130-1,CNA Insurance,Technology Internship Program (Cybersecurity),Not stated,True,,Internship,,Security,"Chicago, IL, USA",no-sponsorship,,$35k–$65k/yr,,2026-09-04T00:00:00Z,date_only,2026-09-05T01:37:53Z,https://cna.wd1.myworkdayjobs.com/CNA_Careers/job/Chicago-IL-USA/Technology-Internship-Program--Cybersecurity-_R-8130-1
workday:cna:/job/Chicago-IL-USA/Technology-Internship-Program--Software-Engineering-_R-8107,CNA Insurance,Technology Internship Program (Software Engineering),Not stated,True,,Internship,,Software,"Chicago, IL, USA",no-sponsorship,,$35k–$65k/yr,Java; SQL,2026-09-04T00:00:00Z,date_only,2026-09-04T21:42:34Z,https://cna.wd1.myworkdayjobs.com/CNA_Careers/job/Chicago-IL-USA/Technology-Internship-Program--Software-Engineering-_R-8107
workday:directsupply:/job/Milwaukee-WI/AI-Engineer-Intern_REQ-2026-2553,Direct Supply,AI Engineer Intern,Not stated,True,,Internship,,Data & ML/AI,"Milwaukee, WI",unknown,11,,Python; React; Node.js; AWS,2026-09-04T00:00:00Z,date_only,2026-09-04T16:33:04Z,https://directsupply.wd501.myworkdayjobs.com/direct-supply-careers/job/Milwaukee-WI/AI-Engineer-Intern_REQ-2026-2553
workday:disney:/job/Celebration-FL-USA/Commercial-Data-Science-Intern--Spring-2027_10158063-1,The Walt Disney Company,"Commercial Data Science Intern, Spring 2027",Spring 2027,False,,Internship,,Data & ML/AI,"Celebration, FL, USA",unknown,,$43/hr,Python; SQL; Git; Tableau,2026-09-04T00:00:00Z,date_only,2026-09-04T16:33:04Z,https://disney.wd5.myworkdayjobs.com/disneycareerdc/job/Celebration-FL-USA/Commercial-Data-Science-Intern--Spring-2027_10158063-1
workday:ingredion:/job/Westchester-IL/AI---Data-Scientist-Intern_Req-40220,Ingredion,AI & Data Scientist Intern,Not stated,True,,Internship,,Data & ML/AI,"Westchester, IL",unknown,4,$20–$25/hr,SQL; PyTorch; TensorFlow; scikit-learn; AWS; GCP; Azure; Hadoop,2026-09-04T00:00:00Z,date_only,2026-09-04T19:19:19Z,https://ingredion.wd1.myworkdayjobs.com/IngredionCareers/job/Westchester-IL/AI---Data-Scientist-Intern_Req-40220
workday:jci:/job/Salem-Virginia-United-States-of-America/Software-Controls-Engineering-Grad-Intern_WD30278205-1,Johnson Controls,Software/Controls Engineering Grad Intern,Not stated,True,,Internship,,Software,Salem-Virginia-United States of America,unknown,104,,C++,2026-09-04T00:00:00Z,date_only,2026-09-04T16:33:04Z,https://jci.wd5.myworkdayjobs.com/JCI/job/Salem-Virginia-United-States-of-America/Software-Controls-Engineering-Grad-Intern_WD30278205-1
workday:microchiphr:/job/AZ---Chandler/Intern---Engineering--Device-Software-and-Test-_R3573-26,Microchip Technology,Intern - Engineering (Device Software and Test),Not stated,True,,Internship,,Software,AZ - Chandler,unknown,143,,Python; Java; C#; Linux,2026-09-04T00:00:00Z,date_only,2026-09-04T21:42:34Z,https://microchiphr.wd5.myworkdayjobs.com/external/job/AZ---Chandler/Intern---Engineering--Device-Software-and-Test-_R3573-26
workday:simon:/job/Indianapolis-IN/Intern---Data-Engineering--Data-Analytics--Information-Sciences--Computer-Science-Majors-_R13976,Simon Property Group,"Intern - Data Engineering (Data Analytics, Information Sciences, Computer Science Majors)",Not stated,True,,Internship,,Data & ML/AI,"Indianapolis, IN",unknown,,,Python; SQL; Snowflake; Tableau,2026-09-04T00:00:00Z,date_only,2026-09-05T14:01:45Z,https://simon.wd1.myworkdayjobs.com/Simon/job/Indianapolis-IN/Intern---Data-Engineering--Data-Analytics--Information-Sciences--Computer-Science-Majors-_R13976
workday:simon:/job/Indianapolis-IN/Intern---Front-End-Developer--Computer-Science--Web-Development--or-Information-Sciences-Majors-_R13975,Simon Property Group,"Intern - Front End Developer (Computer Science, Web Development, or Information Sciences Majors)",Not stated,True,,Internship,,Software,"Indianapolis, IN",unknown,,,JavaScript; HTML/CSS; Git,2026-09-04T00:00:00Z,date_only,2026-09-05T14:01:45Z,https://simon.wd1.myworkdayjobs.com/Simon/job/Indianapolis-IN/Intern---Front-End-Developer--Computer-Science--Web-Development--or-Information-Sciences-Majors-_R13975
workday:simon:/job/Indianapolis-IN/Intern---Project-Delivery--Information-Services---Computer-Science-Majors-_R13947,Simon Property Group,Intern - Project Delivery (Information Services / Computer Science Majors),Not stated,True,,Internship,,Software,"Indianapolis, IN",unknown,,,,2026-09-04T00:00:00Z,date_only,2026-09-05T14:01:45Z,https://simon.wd1.myworkdayjobs.com/Simon/job/Indianapolis-IN/Intern---Project-Delivery--Information-Services---Computer-Science-Majors-_R13947
ashby:the-exploration-company:e23f19f1-b5fa-408a-822c-c6c37631a2fe,The Exploration Company,Spring 2027 Internship (Software),Spring 2027,False,,Internship,,Software,California,citizens-only,,,,2026-09-03T18:58:48.988+00:00,exact,2026-09-03T21:13:58Z,https://jobs.ashbyhq.com/the-exploration-company/e23f19f1-b5fa-408a-822c-c6c37631a2fe
greenhouse:newsbreak:4711146006,NewsBreak,"New Market Launch Intern (MBA), Nearby AI",Not stated,True,,Internship,yes,Data & ML/AI,"Bellevue, Washington, United States; Mountain View, California, United States; New York, New York, United States; Remote",unknown,,,,2026-09-03T18:56:06-04:00,exact,2026-09-17T01:52:45Z,https://job-boards.greenhouse.io/newsbreak/jobs/4711146006
lever:hermeus:555263f6-c5ec-4489-ab07-1aea546b70e7,Hermeus,GNC & Flight Software Intern - Spring/Summer 2027,Spring 2027,False,,Internship,,Software,"Atlanta, GA",citizens-only,,25–33 USD/hr,Python; C++; TypeScript; JavaScript; MATLAB,2026-09-03T19:19:21Z,exact,2026-09-03T21:13:58Z,https://jobs.lever.co/hermeus/555263f6-c5ec-4489-ab07-1aea546b70e7
lever:hermeus:5b08e2df-c9db-4831-aece-67d89e744796,Hermeus,Software Engineering Intern (Command & Control) - Spring/Summer 2027,Spring 2027,False,,Internship,,Software,"Atlanta, GA",citizens-only,,25–33 USD/hr,C++; TypeScript; JavaScript; React; Angular,2026-09-03T02:07:59Z,exact,2026-09-03T05:15:39Z,https://jobs.lever.co/hermeus/5b08e2df-c9db-4831-aece-67d89e744796
lever:neighbor:7d66629f-3f4b-41ee-a324-fe0154e13c46,Neighbor,Software Engineer Intern 2027,Spring 2027,False,,Internship,,Software,"Lehi, UT",unknown,,,Python; Java; C++; Go; TypeScript; JavaScript; Swift; Kotlin,2026-09-03T16:41:37Z,exact,2026-09-08T23:13:14Z,https://jobs.lever.co/neighbor/7d66629f-3f4b-41ee-a324-fe0154e13c46
smartrecruiters:Winsupply1:3743990015046116,Winsupply,Data Analyst Intern,Not stated,True,,Internship,,Data & ML/AI,"Moraine, OH, United States",unknown,13,,,2026-09-03T14:02:33.319Z,exact,2026-09-03T18:17:16Z,https://jobs.smartrecruiters.com/Winsupply1/3743990015046116
workday:corteva:/job/Indianapolis-Indiana-United-States/R-D-Internship---Computer---Data-Science-_248130W,Corteva,R&D Internship – Computer & Data Science,Not stated,True,,Internship,,Data & ML/AI,"Indianapolis, Indiana, United States",unknown,,,,2026-09-03T00:00:00Z,date_only,2026-09-03T21:13:58Z,https://corteva.wd5.myworkdayjobs.com/corteva/job/Indianapolis-Indiana-United-States/R-D-Internship---Computer---Data-Science-_248130W
workday:premierinc:/job/Charlotte-NC/Data-Science-Intern_R0008481,Premier,Data Science Intern,Not stated,True,,Internship,,Data & ML/AI,"Charlotte, NC",unknown,24,,,2026-09-03T00:00:00Z,date_only,2026-09-03T21:13:58Z,https://premierinc.wd1.myworkdayjobs.com/External_Professional/job/Charlotte-NC/Data-Science-Intern_R0008481
workday:premierinc:/job/Charlotte-NC/Software-Engineer-Intern_R0008480,Premier,Software Engineer Intern,Not stated,True,,Internship,,Software,"Charlotte, NC",unknown,24,,JavaScript; React,2026-09-03T00:00:00Z,date_only,2026-09-03T21:13:58Z,https://premierinc.wd1.myworkdayjobs.com/External_Professional/job/Charlotte-NC/Software-Engineer-Intern_R0008480
ashby:reflect-orbital:d2ad1427-89aa-404d-8678-7b8e6dace5e2,Reflect Orbital,Flight Software Engineering Intern,Not stated,True,,Internship,,Software,"Hawthorne, CA",unknown,,$27 – $31 per hour,,2026-09-02T21:57:24.003+00:00,exact,2026-09-02T22:48:52Z,https://jobs.ashbyhq.com/reflect-orbital/d2ad1427-89aa-404d-8678-7b8e6dace5e2
ashby:reflect-orbital:d5ade048-5555-4a77-b002-d117254b6e6b,Reflect Orbital,Embedded Firmware Engineering Intern,Not stated,True,,Internship,,Hardware,"Hawthorne, CA",unknown,,$27 – $31 per hour,Python; C++,2026-09-02T21:57:26.937+00:00,exact,2026-09-02T22:48:52Z,https://jobs.ashbyhq.com/reflect-orbital/d5ade048-5555-4a77-b002-d117254b6e6b
greenhouse:fspco-op012325:8769080002,Flagship Pioneering,Pioneering Intelligence: Agentic AI Co-Op,Not stated,True,,Co-op,,Data & ML/AI,"Cambridge, MA USA",unknown,6,$25–$45/hr,Python,2026-09-02T09:51:40-04:00,exact,2026-09-02T17:34:18Z,https://job-boards.greenhouse.io/fspco-op012325/jobs/8769080002
greenhouse:testnisc:8167886,National Information Solutions Cooperative (NISC),Intern - Data Engineer,Not stated,True,,Internship,,Data & ML/AI,"Lake Saint Louis, MO",unknown,,,Python; Java; SQL; Scala; LLMs; AWS; Git; Airflow,2026-09-02T12:39:49-04:00,exact,2026-09-02T17:34:18Z,https://job-boards.greenhouse.io/testnisc/jobs/8167884
greenhouse:testnisc:8174096,National Information Solutions Cooperative (NISC),Intern - Software Development,Not stated,True,,Internship,,Software,"Mandan, ND",unknown,,,Java; TypeScript; JavaScript; Angular; HTML/CSS; AWS; Linux; PostgreSQL,2026-09-02T12:46:41-04:00,exact,2026-09-02T17:34:18Z,https://job-boards.greenhouse.io/testnisc/jobs/8174096
lever:dynamiccatholic:603f082e-07c8-4b1c-ac09-8963c51229ad,Dynamic Catholic,Internship - Front-End UX Intern,Not stated,True,,Internship,,Other,"Erlanger, Kentucky",no-sponsorship,,,JavaScript; HTML/CSS,2026-09-02T18:00:46Z,exact,2026-09-03T18:17:16Z,https://jobs.lever.co/dynamiccatholic/603f082e-07c8-4b1c-ac09-8963c51229ad
lever:dynamiccatholic:e94fa581-892c-4958-9515-0221f862ce57,Dynamic Catholic,Internship - Software Developer - Commerce Cloud,Not stated,True,,Internship,,Software,"Erlanger, Kentucky",unknown,,,JavaScript; HTML/CSS,2026-09-02T20:55:13Z,exact,2026-09-03T18:17:16Z,https://jobs.lever.co/dynamiccatholic/e94fa581-892c-4958-9515-0221f862ce57
oracle:ejhp.fa.us6.oraclecloud.com:2622615,Sherwin-Williams,"Year-Round IT Co-op, Cybersecurity",Not stated,True,,Co-op,,Security,"Cleveland, OH, United States",unknown,94,,,2026-09-02,date_only,2026-09-02T17:34:18Z,https://ejhp.fa.us6.oraclecloud.com/hcmUI/CandidateExperience/en/sites/CX_2/job/2622615
oracle:hdhl.fa.us6.oraclecloud.com:1007497,Stantec,Roadway Design Co-op Student - Infrastructure (Fall 2026/Spring 2027),Spring 2027,False,,Co-op,,Software,"Raleigh, NC, United States",unknown,,,,2026-09-02,date_only,2026-09-16T20:37:26Z,https://hdhl.fa.us6.oraclecloud.com/hcmUI/CandidateExperience/en/sites/CX_1/job/1007497
smartrecruiters:Winsupply1:3743990015014717,Winsupply,Software Developer Intern,Not stated,True,,Internship,,Software,"Moraine, OH, United States",unknown,13,,Python; Java; Angular,2026-09-02T13:56:11.233Z,exact,2026-09-02T17:34:18Z,https://jobs.smartrecruiters.com/Winsupply1/3743990015014717
workday:copart:/job/Dallas-TX---Headquarters/Software-Engineering-Intern_JR111173,Copart,Software Engineering Intern,Not stated,True,,Internship,,Software,"Dallas, TX - Headquarters",unknown,83,,JavaScript; HTML/CSS,2026-09-02T00:00:00Z,date_only,2026-09-02T20:20:43Z,https://copart.wd12.myworkdayjobs.com/copart/job/Dallas-TX---Headquarters/Software-Engineering-Intern_JR111173
workday:genpt:/job/Birmingham-AL-USA/Software-Engineer---QA-Analyst-Intern_R26_0000029235,Genuine Parts Company,Software Engineer - QA Analyst Intern,Not stated,True,,Internship,,Software,"Birmingham, AL, USA",unknown,63,,Java; SQL; Selenium,2026-09-02T00:00:00Z,date_only,2026-09-02T20:20:43Z,https://genpt.wd1.myworkdayjobs.com/Careers/job/Birmingham-AL-USA/Software-Engineer---QA-Analyst-Intern_R26_0000029235
workday:genpt:/job/Birmingham-AL-USA/Software-Engineer---QA-Analyst-Intern_R26_0000029236,Genuine Parts Company,Software Engineer - QA Analyst Intern,Not stated,True,,Internship,,Software,"Birmingham, AL, USA",unknown,63,,Java; SQL; Selenium,2026-09-02T00:00:00Z,date_only,2026-09-02T20:20:43Z,https://genpt.wd1.myworkdayjobs.com/Careers/job/Birmingham-AL-USA/Software-Engineer---QA-Analyst-Intern_R26_0000029236
workday:genpt:/job/Birmingham-AL-USA/Web-Developer-Intern_R26_0000029238,Genuine Parts Company,Web Developer Intern,Not stated,True,,Internship,,Software,"Birmingham, AL, USA",unknown,63,,Java; React; Next.js; Angular; GCP; Linux; Git,2026-09-02T00:00:00Z,date_only,2026-09-02T20:20:43Z,https://genpt.wd1.myworkdayjobs.com/Careers/job/Birmingham-AL-USA/Web-Developer-Intern_R26_0000029238
workday:globalhr:/job/US-IA-CEDAR-RAPIDS-105--400-Collins-Rd-NE--BLDG-105/Software-Engineering-Co-op--Winter-Spring-2027-_01870191,RTX,Software Engineering Co-op (Winter/Spring 2027),Spring 2027,False,,Co-op,,Software,US-IA-CEDAR RAPIDS-105 ~ 400 Collins Rd NE ~ BLDG 105,no-sponsorship,,,Python; C++,2026-09-02T00:00:00Z,date_only,2026-09-02T20:20:43Z,https://globalhr.wd5.myworkdayjobs.com/rec_rtx_ext_gateway/job/US-IA-CEDAR-RAPIDS-105--400-Collins-Rd-NE--BLDG-105/Software-Engineering-Co-op--Winter-Spring-2027-_01870191
workday:hp:/job/Spring-Texas-United-States-of-America/Software-Product-Security-Engineer-Intern_UNI4744-1,Hewlett Packard (HP),Software Product Security Engineer Intern,Not stated,True,,Internship,,Security,"Spring, Texas, United States of America",no-sponsorship,,$35–$40/hr,Python; C++; C#; TypeScript,2026-09-02T00:00:00Z,date_only,2026-09-02T22:48:52Z,https://hp.wd5.myworkdayjobs.com/ExternalCareerSite/job/Spring-Texas-United-States-of-America/Software-Product-Security-Engineer-Intern_UNI4744-1
workday:intel:/job/US-California-Folsom/Software-Development-Graduate-Intern_JR0285451-1,Intel,Software Development Graduate Intern,Not stated,True,,Internship,,Software,"US, California, Folsom",unknown,4758,,Python; C++; PyTorch; TensorFlow; scikit-learn; LLMs; Linux,2026-09-02T00:00:00Z,date_only,2026-09-03T00:50:41Z,https://intel.wd1.myworkdayjobs.com/external/job/US-California-Folsom/Software-Development-Graduate-Intern_JR0285451-1
workday:lego:/job/Boston-Hub/Firmware-Engineering-Co-Op---Spring-2027_0000037765,Lego,Firmware Engineering Co-Op - Spring 2027,Spring 2027,False,,Co-op,,Hardware,United States of America,unknown,,,Python,2026-09-02T00:00:00Z,date_only,2026-09-02T17:34:18Z,https://lego.wd103.myworkdayjobs.com/lego_executive/job/Boston-Hub/Firmware-Engineering-Co-Op---Spring-2027_0000037765
workday:magna:/job/Southfield-Michigan-US/Intern---Engineering-Software_R00258617,Magna International,Intern - Engineering Software,Not stated,True,,Internship,,Software,"Southfield, Michigan, US",unknown,141,,Python; C++; Bash; Linux; Git,2026-09-02T00:00:00Z,date_only,2026-09-02T17:34:18Z,https://magna.wd3.myworkdayjobs.com/Magna/job/Southfield-Michigan-US/Intern---Engineering-Software_R00258617
ashby:valon:b5a62c0c-823c-42dd-8cb5-e4b1455bcc64,Valon,Software Engineer Intern,Not stated,True,,Internship,,Software,New York,unknown,,$60/hr,Python; React; GCP; Kubernetes; Docker,2026-09-01T21:01:57.937+00:00,exact,2026-09-02T05:26:29Z,https://jobs.ashbyhq.com/valon/b5a62c0c-823c-42dd-8cb5-e4b1455bcc64
greenhouse:eulerity:4709040006,Eulerity,Backend Developer Intern,Not stated,True,,Internship,,Software,"New York, New York",unknown,,$17–$19/hr,Java; LLMs; Git,2026-09-01T17:08:29-04:00,exact,2026-09-02T05:26:29Z,https://job-boards.greenhouse.io/eulerity/jobs/4709040006
lever:hermeus:445db430-6f81-41cf-847a-56a947afb936,Hermeus,Software Engineering Intern (Modeling & Simulation) - Spring/Summer 2027,Spring 2027,False,,Internship,,Software,"Los Angeles, CA",citizens-only,,25–33 USD/hr,Python; C++; MATLAB,2026-09-01T18:28:54Z,exact,2026-09-02T05:26:29Z,https://jobs.lever.co/hermeus/445db430-6f81-41cf-847a-56a947afb936
lever:hermeus:d87ed913-affc-475e-b721-c5b5f11c3c7b,Hermeus,Software Engineering Intern (HIL) - Spring/Summer 2027,Spring 2027,False,,Internship,,Software,"Atlanta, GA",citizens-only,,25–33 USD/hr,Python; C++; MATLAB,2026-09-01T15:30:22Z,exact,2026-09-02T05:26:29Z,https://jobs.lever.co/hermeus/d87ed913-affc-475e-b721-c5b5f11c3c7b
oracle:hdjq.fa.us2.oraclecloud.com:26007510,Emerson Electric,AI Engineering Co-Op,Not stated,True,,Co-op,,Data & ML/AI,"Marshalltown, IA, United States",unknown,8,,Python; LLMs; Git,2026-09-01,date_only,2026-09-02T05:26:29Z,https://hdjq.fa.us2.oraclecloud.com/hcmUI/CandidateExperience/en/sites/CX_1/job/26007510
oracle:hdjq.fa.us2.oraclecloud.com:26008442,Emerson Electric,Software Engineering Co-Op,Not stated,True,,Co-op,,Software,"Marshalltown, IA, United States",unknown,8,,Java; JavaScript; SQL; HTML/CSS,2026-09-01,date_only,2026-09-02T05:26:29Z,https://hdjq.fa.us2.oraclecloud.com/hcmUI/CandidateExperience/en/sites/CX_1/job/26008442
oracle:hdjq.fa.us2.oraclecloud.com:26008443,Emerson Electric,Embedded Software Co-Op,Not stated,True,,Co-op,,Software,"Marshalltown, IA, United States",unknown,8,,C++; C#,2026-09-01,date_only,2026-09-02T05:26:29Z,https://hdjq.fa.us2.oraclecloud.com/hcmUI/CandidateExperience/en/sites/CX_1/job/26008443
oracle:hdjq.fa.us2.oraclecloud.com:26008761,Emerson Electric,Firmware Engineer Co-Op,Not stated,True,,Co-op,,Hardware,"Marshalltown, IA, United States",unknown,8,,C++; Azure; Git,2026-09-01,date_only,2026-09-02T05:26:29Z,https://hdjq.fa.us2.oraclecloud.com/hcmUI/CandidateExperience/en/sites/CX_1/job/26008761
oracle:hdjq.fa.us2.oraclecloud.com:26008762,Emerson Electric,Machine Learning R&D Co-Op,Not stated,True,,Co-op,,Data & ML/AI,"Marshalltown, IA, United States",unknown,8,,Python; MATLAB; PyTorch; TensorFlow; scikit-learn; Pandas,2026-09-01,date_only,2026-09-02T05:26:29Z,https://hdjq.fa.us2.oraclecloud.com/hcmUI/CandidateExperience/en/sites/CX_1/job/26008762
oracle:hdjq.fa.us2.oraclecloud.com:26009200,Emerson Electric,Data Analyst Co-Op,Not stated,True,,Co-op,,Data & ML/AI,"Marshalltown, IA, United States",unknown,8,,Python; Java; C++; C#; SQL,2026-09-01,date_only,2026-09-02T05:26:29Z,https://hdjq.fa.us2.oraclecloud.com/hcmUI/CandidateExperience/en/sites/CX_1/job/26009200
oracle:hdjq.fa.us2.oraclecloud.com:26009321,Emerson Electric,Cybersecurity Engineering Co-op (Jan27-May27),Not stated,True,,Co-op,,Security,"Shakopee, MN, United States",unknown,8,,Python; C++,2026-09-01,date_only,2026-09-02T05:26:29Z,https://hdjq.fa.us2.oraclecloud.com/hcmUI/CandidateExperience/en/sites/CX_1/job/26009321
oracle:hdjq.fa.us2.oraclecloud.com:26009324,Emerson Electric,Cybersecurity Engineering Intern,Not stated,True,,Internship,,Security,"Shakopee, MN, United States",unknown,8,,Python; C++,2026-09-01,date_only,2026-09-02T05:26:29Z,https://hdjq.fa.us2.oraclecloud.com/hcmUI/CandidateExperience/en/sites/CX_1/job/26009324
oracle:hdjq.fa.us2.oraclecloud.com:26009454,Emerson Electric,Software Engineering Spring Co-op (Jan27- May27),Not stated,True,,Co-op,,Software,"Shakopee, MN, United States",unknown,8,,,2026-09-01,date_only,2026-09-02T05:26:29Z,https://hdjq.fa.us2.oraclecloud.com/hcmUI/CandidateExperience/en/sites/CX_1/job/26009454
oracle:hdjq.fa.us2.oraclecloud.com:26009478,Emerson Electric,Cybersecurity Engineering Intern,Not stated,True,,Internship,,Security,"Boulder, CO, United States",unknown,8,,Python; C++,2026-09-01,date_only,2026-09-02T05:26:29Z,https://hdjq.fa.us2.oraclecloud.com/hcmUI/CandidateExperience/en/sites/CX_1/job/26009478
oracle:hdjq.fa.us2.oraclecloud.com:26009488,Emerson Electric,Data Science Engineering Intern,Not stated,True,,Internship,,Data & ML/AI,"Boulder, CO, United States",unknown,8,,Python; SQL; Tableau,2026-09-01,date_only,2026-09-02T05:26:29Z,https://hdjq.fa.us2.oraclecloud.com/hcmUI/CandidateExperience/en/sites/CX_1/job/26009488
oracle:hdjq.fa.us2.oraclecloud.com:26009500,Emerson Electric,Software Engineering Intern,Not stated,True,,Internship,,Software,"Houston, TX, United States",unknown,8,,,2026-09-01,date_only,2026-09-02T05:26:29Z,https://hdjq.fa.us2.oraclecloud.com/hcmUI/CandidateExperience/en/sites/CX_1/job/26009500
oracle:hdjq.fa.us2.oraclecloud.com:26009673,Emerson Electric,Software Engineering Intern,Not stated,True,,Internship,,Software,"Shakopee, MN, United States; Chanhassen, MN, United States; Eden Prairie, MN, United States",unknown,8,,,2026-09-01,date_only,2026-09-02T05:26:29Z,https://hdjq.fa.us2.oraclecloud.com/hcmUI/CandidateExperience/en/sites/CX_1/job/26009673
workday:altera:/job/San-Jose-California-United-States/Graduate-Intern---Engineering-Infrastructure_R03066,Altera Corporation,Graduate Intern - Engineering Infrastructure,Not stated,True,,Internship,,Software,"San Jose, California, United States",unknown,,,Python; Bash; AWS; Terraform; Linux,2026-09-01T00:00:00Z,date_only,2026-09-02T05:26:29Z,https://altera.wd1.myworkdayjobs.com/altera/job/San-Jose-California-United-States/Graduate-Intern---Engineering-Infrastructure_R03066
workday:caci:/job/Danbury-CT-US/Embedded-Software-Engineering-Co-op---Spring-2027_331368,CACI,Embedded Software Engineering Co-op - Spring 2027,Spring 2027,False,,Co-op,,Software,"Danbury, CT, US",unknown,,,Python; C++; C#; Linux; Git,2026-09-01T00:00:00Z,date_only,2026-09-02T17:34:18Z,https://caci.wd1.myworkdayjobs.com/external/job/Danbury-CT-US/Embedded-Software-Engineering-Co-op---Spring-2027_331368
workday:clearwateranalytics:/job/Office---New-York/Quant-Developer-Intern_R12182,CWAN,Quant Developer Intern,Not stated,True,,Internship,,Quant,Office - New York,unknown,,,Java,2026-09-01T00:00:00Z,date_only,2026-09-02T05:26:29Z,https://clearwateranalytics.wd1.myworkdayjobs.com/Clearwater_Analytics_Careers/job/Office---New-York/Quant-Developer-Intern_R12182
workday:clearwateranalytics:/job/Office---New-York/Quant-Developer-Intern_R12183,CWAN,Quant Developer Intern,Not stated,True,,Internship,,Quant,Office - New York,unknown,,,Java,2026-09-01T00:00:00Z,date_only,2026-09-02T05:26:29Z,https://clearwateranalytics.wd1.myworkdayjobs.com/Clearwater_Analytics_Careers/job/Office---New-York/Quant-Developer-Intern_R12183
workday:clearwateranalytics:/job/Office---New-York/Quant-Developer-Intern_R12184,CWAN,Quant Developer Intern,Not stated,True,,Internship,,Quant,Office - New York,unknown,,,Java,2026-09-01T00:00:00Z,date_only,2026-09-02T05:26:29Z,https://clearwateranalytics.wd1.myworkdayjobs.com/Clearwater_Analytics_Careers/job/Office---New-York/Quant-Developer-Intern_R12184
workday:clearwateranalytics:/job/Office---New-York/Quant-Developer-Intern_R12185,CWAN,Quant Developer Intern,Not stated,True,,Internship,,Quant,Office - New York,unknown,,,Java,2026-09-01T00:00:00Z,date_only,2026-09-02T05:26:29Z,https://clearwateranalytics.wd1.myworkdayjobs.com/Clearwater_Analytics_Careers/job/Office---New-York/Quant-Developer-Intern_R12185
workday:fifththird:/job/Cincinnati-OH/Software-Engineer-Co-Op---Enterprise-Finance-Applications---Spring-2027_R71587,Fifth Third Bank,Software Engineer Co-Op - Enterprise Finance Applications - Spring 2027,Spring 2027,False,,Co-op,,Software,"Cincinnati, OH",unknown,,,Java; LLMs; Node.js; Angular; Spring,2026-09-01T00:00:00Z,date_only,2026-09-02T05:26:29Z,https://fifththird.wd5.myworkdayjobs.com/53careers/job/Cincinnati-OH/Software-Engineer-Co-Op---Enterprise-Finance-Applications---Spring-2027_R71587
workday:genpt:/job/Birmingham-AL-USA/Cloud-Developer-Intern_R26_0000029133,Genuine Parts Company,Cloud Developer Intern,Not stated,True,,Internship,,Software,"Birmingham, AL, USA",unknown,63,,Java; GCP; Linux; Git,2026-09-01T00:00:00Z,date_only,2026-09-02T05:26:29Z,https://genpt.wd1.myworkdayjobs.com/Careers/job/Birmingham-AL-USA/Cloud-Developer-Intern_R26_0000029133
workday:genpt:/job/Birmingham-AL-USA/Cloud-SRE-Intern_R26_0000029134,Genuine Parts Company,Cloud SRE Intern,Not stated,True,,Internship,,Software,"Birmingham, AL, USA",unknown,63,,GCP,2026-09-01T00:00:00Z,date_only,2026-09-02T05:26:29Z,https://genpt.wd1.myworkdayjobs.com/Careers/job/Birmingham-AL-USA/Cloud-SRE-Intern_R26_0000029134
workday:genpt:/job/Birmingham-AL-USA/Customer-Software-Development-Intern_R26_0000029135,Genuine Parts Company,Customer Software Development Intern,Not stated,True,,Internship,,Software,"Birmingham, AL, USA",unknown,63,,Java; SQL,2026-09-01T00:00:00Z,date_only,2026-09-02T05:26:29Z,https://genpt.wd1.myworkdayjobs.com/Careers/job/Birmingham-AL-USA/Customer-Software-Development-Intern_R26_0000029135
workday:genpt:/job/Birmingham-AL-USA/GRC-Cybersecurity-Analyst-Intern_R26_0000029137,Genuine Parts Company,GRC/Cybersecurity Analyst Intern,Not stated,True,,Internship,,Security,"Birmingham, AL, USA",unknown,63,,Linux,2026-09-01T00:00:00Z,date_only,2026-09-02T05:26:29Z,https://genpt.wd1.myworkdayjobs.com/Careers/job/Birmingham-AL-USA/GRC-Cybersecurity-Analyst-Intern_R26_0000029137
workday:genpt:/job/Birmingham-AL-USA/Platform-Engineering-Intern_R26_0000029141,Genuine Parts Company,Platform Engineering Intern,Not stated,True,,Internship,,Software,"Birmingham, AL, USA",unknown,63,,GCP,2026-09-01T00:00:00Z,date_only,2026-09-02T05:26:29Z,https://genpt.wd1.myworkdayjobs.com/Careers/job/Birmingham-AL-USA/Platform-Engineering-Intern_R26_0000029141
workday:genpt:/job/Birmingham-AL-USA/Software-Developer-Intern_R26_0000029140,Genuine Parts Company,Software Developer Intern,Not stated,True,,Internship,,Software,"Birmingham, AL, USA",unknown,63,,Java; SQL; GCP; Linux; Git,2026-09-01T00:00:00Z,date_only,2026-09-02T05:26:29Z,https://genpt.wd1.myworkdayjobs.com/Careers/job/Birmingham-AL-USA/Software-Developer-Intern_R26_0000029140
workday:ingredion:/job/Westchester-IL/AI---Data-Scientist-Intern_Req-40007-1,Ingredion,AI & Data Scientist Intern,Not stated,True,,Internship,,Data & ML/AI,"Westchester, IL",unknown,4,$20–$25/hr,SQL; PyTorch; TensorFlow; scikit-learn; AWS; GCP; Azure; Hadoop,2026-09-01T00:00:00Z,date_only,2026-09-02T17:34:18Z,https://ingredion.wd1.myworkdayjobs.com/IngredionCareers/job/Westchester-IL/AI---Data-Scientist-Intern_Req-40007-1
workday:nike:/job/Beaverton-Oregon/NIKE--Inc-Artificial-Intelligence--Data----Machine-Learning-Engineering-Undergraduate-Internship_R-91110,Nike,"NIKE, Inc. Artificial Intelligence, Data, & Machine Learning Engineering Undergraduate Internship",Not stated,True,,Internship,,Data & ML/AI,"Beaverton, Oregon",unknown,484,,Python; SQL; LLMs; Computer Vision; AWS; Databricks; Tableau,2026-09-01T00:00:00Z,date_only,2026-09-02T17:34:18Z,https://nike.wd1.myworkdayjobs.com/nke/job/Beaverton-Oregon/NIKE--Inc-Artificial-Intelligence--Data----Machine-Learning-Engineering-Undergraduate-Internship_R-91110
workday:nike:/job/Beaverton-Oregon/NIKE--Inc-Software-Engineering-Undergraduate-Internship_R-91111,Nike,"NIKE, Inc. Software Engineering Undergraduate Internship",Not stated,True,,Internship,,Software,"Beaverton, Oregon",unknown,484,,Python; Java; C#; JavaScript; Swift; React; Node.js; AWS,2026-09-01T00:00:00Z,date_only,2026-09-02T17:34:18Z,https://nike.wd1.myworkdayjobs.com/nke/job/Beaverton-Oregon/NIKE--Inc-Software-Engineering-Undergraduate-Internship_R-91111
workday:ntrs:/job/Chicago-IL/Technology-Intern---Data-Science-and-Analytics_R160865-1,Northern Trust,Technology Intern – Data Science and Analytics,Not stated,True,,Internship,,Data & ML/AI,"Chicago, IL",no-sponsorship,144,,Python; SQL; Bash; LLMs; Tableau,2026-09-01T00:00:00Z,date_only,2026-09-02T05:26:29Z,https://ntrs.wd1.myworkdayjobs.com/northerntrust/job/Chicago-IL/Technology-Intern---Data-Science-and-Analytics_R160865-1
workday:ntrs:/job/Chicago-IL/Technology-Intern---Information-Security_R160869-1,Northern Trust,Technology Intern – Information Security,Not stated,True,,Internship,,Security,"Chicago, IL",no-sponsorship,144,,Python; Java; SQL; Bash; LLMs; Azure,2026-09-01T00:00:00Z,date_only,2026-09-02T05:26:29Z,https://ntrs.wd1.myworkdayjobs.com/northerntrust/job/Chicago-IL/Technology-Intern---Information-Security_R160869-1
workday:ntrs:/job/Chicago-IL/Technology-Intern---Infrastructure-and-IT-Management_R160872-1,Northern Trust,Technology Intern – Infrastructure and IT Management,Not stated,True,,Internship,,Software,"Chicago, IL",no-sponsorship,144,,Bash; LLMs,2026-09-01T00:00:00Z,date_only,2026-09-02T05:26:29Z,https://ntrs.wd1.myworkdayjobs.com/northerntrust/job/Chicago-IL/Technology-Intern---Infrastructure-and-IT-Management_R160872-1
workday:ntrs:/job/Chicago-IL/Technology-Intern---Software-Engineering_R160832-1,Northern Trust,Technology Intern – Software Engineering,Not stated,True,,Internship,,Software,"Chicago, IL",no-sponsorship,144,,Python; Java; SQL; Bash; LLMs; Azure; Git,2026-09-01T00:00:00Z,date_only,2026-09-02T05:26:29Z,https://ntrs.wd1.myworkdayjobs.com/northerntrust/job/Chicago-IL/Technology-Intern---Software-Engineering_R160832-1
workday:rockwellautomation:/job/Mayfield-Heights-Ohio-United-States/Intern--Content-IDE-Software-Development--LCS-_R26-5010-2,Rockwell Automation,"Intern, Content IDE Software Development (LCS)",Not stated,True,,Internship,,Software,"Mayfield Heights, Ohio, United States",no-sponsorship,90,,Git,2026-09-01T00:00:00Z,date_only,2026-09-02T05:26:29Z,https://rockwellautomation.wd1.myworkdayjobs.com/External_Rockwell_Automation/job/Mayfield-Heights-Ohio-United-States/Intern--Content-IDE-Software-Development--LCS-_R26-5010-2
workday:rockwellautomation:/job/Mayfield-Heights-Ohio-United-States/Intern--Cyber-Professional-Services--LCS-_R26-5042-2,Rockwell Automation,"Intern, Cyber Professional Services (LCS)",Not stated,True,,Internship,,Security,"Mayfield Heights, Ohio, United States",no-sponsorship,90,,,2026-09-01T00:00:00Z,date_only,2026-09-02T05:26:29Z,https://rockwellautomation.wd1.myworkdayjobs.com/External_Rockwell_Automation/job/Mayfield-Heights-Ohio-United-States/Intern--Cyber-Professional-Services--LCS-_R26-5042-2
workday:tencent:/job/US-California-Palo-Alto/AI-Business-Analyst-Intern_R108039-1,Tencent,AI Business Analyst Intern,Not stated,True,,Internship,,Data & ML/AI,US-California-Palo Alto,unknown,,$24.81–$42.7/hr,,2026-09-01T00:00:00Z,date_only,2026-09-02T17:34:18Z,https://tencent.wd1.myworkdayjobs.com/Tencent_Careers/job/US-California-Palo-Alto/AI-Business-Analyst-Intern_R108039-1
workday:usfoods:/job/Rosemont-IL/Intern---AI-Automation--Hybrid--Onsite---Remote-_R282109,US Foods,Intern – AI Automation (Hybrid: Onsite & Remote),Not stated,True,,Internship,yes,Data & ML/AI,Rosemont IL,no-sponsorship,10,,LLMs,2026-09-01T00:00:00Z,date_only,2026-09-02T17:34:18Z,https://usfoods.wd1.myworkdayjobs.com/usfoodscareersExternal/job/Rosemont-IL/Intern---AI-Automation--Hybrid--Onsite---Remote-_R282109
workday:usfoods:/job/Rosemont-IL/Intern---Cybersecurity-Operations--Hybrid--Onsite---Remote-_R282117,US Foods,Intern – Cybersecurity Operations (Hybrid: Onsite & Remote),Not stated,True,,Internship,yes,Security,Rosemont IL,no-sponsorship,10,,Python; Bash; Linux,2026-09-01T00:00:00Z,date_only,2026-09-02T17:34:18Z,https://usfoods.wd1.myworkdayjobs.com/usfoodscareersExternal/job/Rosemont-IL/Intern---Cybersecurity-Operations--Hybrid--Onsite---Remote-_R282117
workday:usfoods:/job/Rosemont-IL/Intern---Cybersecurity-Risk--Hybrid--Onsite---Remote-_R282118,US Foods,Intern – Cybersecurity Risk (Hybrid: Onsite & Remote),Not stated,True,,Internship,yes,Security,Rosemont IL,no-sponsorship,10,,,2026-09-01T00:00:00Z,date_only,2026-09-02T17:34:18Z,https://usfoods.wd1.myworkdayjobs.com/usfoodscareersExternal/job/Rosemont-IL/Intern---Cybersecurity-Risk--Hybrid--Onsite---Remote-_R282118
workday:usfoods:/job/Rosemont-IL/Intern---Data-Analyst--Hybrid--Onsite---Remote-_R282121,US Foods,Intern – Data Analyst (Hybrid: Onsite & Remote),Not stated,True,,Internship,yes,Data & ML/AI,Rosemont IL,no-sponsorship,10,,,2026-09-01T00:00:00Z,date_only,2026-09-02T17:34:18Z,https://usfoods.wd1.myworkdayjobs.com/usfoodscareersExternal/job/Rosemont-IL/Intern---Data-Analyst--Hybrid--Onsite---Remote-_R282121
workday:usfoods:/job/Rosemont-IL/Intern---Data-Engineer--Hybrid--Onsite---Remote-_R282116,US Foods,Intern – Data Engineer (Hybrid: Onsite & Remote),Not stated,True,,Internship,yes,Data & ML/AI,Rosemont IL,no-sponsorship,10,,Python; SQL; Pandas; LLMs; AWS; Linux; Git; Kafka,2026-09-01T00:00:00Z,date_only,2026-09-02T17:34:18Z,https://usfoods.wd1.myworkdayjobs.com/usfoodscareersExternal/job/Rosemont-IL/Intern---Data-Engineer--Hybrid--Onsite---Remote-_R282116
workday:usfoods:/job/Rosemont-IL/Intern---Software-Engineer--Digital-Commerce--Hybrid--Onsite---Remote-_R282111,US Foods,"Intern – Software Engineer, Digital Commerce (Hybrid: Onsite & Remote)",Not stated,True,,Internship,yes,Software,Rosemont IL,no-sponsorship,10,,Java; JavaScript; Angular; HTML/CSS; AWS; Kubernetes; Docker; Git,2026-09-01T00:00:00Z,date_only,2026-09-02T17:34:18Z,https://usfoods.wd1.myworkdayjobs.com/usfoodscareersExternal/job/Rosemont-IL/Intern---Software-Engineer--Digital-Commerce--Hybrid--Onsite---Remote-_R282111
workday:usfoods:/job/Rosemont-IL/Intern---Software-Engineer--Legacy-Systems--Hybrid--Onsite---Remote-_R282106,US Foods,"Intern – Software Engineer, Legacy Systems (Hybrid: Onsite & Remote)",Not stated,True,,Internship,yes,Software,Rosemont IL,no-sponsorship,10,,SQL,2026-09-01T00:00:00Z,date_only,2026-09-02T17:34:18Z,https://usfoods.wd1.myworkdayjobs.com/usfoodscareersExternal/job/Rosemont-IL/Intern---Software-Engineer--Legacy-Systems--Hybrid--Onsite---Remote-_R282106
greenhouse:epicgames:6173862004,Epic Games,Frontend Programmer Intern,Not stated,True,,Internship,,Software,"Cary,North Carolina,United States",unknown,28,,TypeScript; JavaScript; React; Unreal,2026-08-31T15:08:30-04:00,exact,2026-09-02T05:26:29Z,https://epicgames.com/careers/jobs/6173862004?gh_jid=6173862004
greenhouse:integrainterns:5406101008,Integra FEC,(SPRING) Data Analyst Intern,Not stated,True,,Internship,,Data & ML/AI,"Austin, Texas",no-sponsorship,,,Python; SQL,2026-08-31T14:08:47-04:00,exact,2026-09-02T05:26:29Z,https://job-boards.greenhouse.io/integrainterns/jobs/5406101008
greenhouse:integrainterns:5406110008,Integra FEC,(SUMMER) Data Analyst Intern,Not stated,True,,Internship,,Data & ML/AI,"Austin, Texas",no-sponsorship,,,Python; SQL,2026-08-31T14:08:58-04:00,exact,2026-09-02T05:26:29Z,https://job-boards.greenhouse.io/integrainterns/jobs/5406110008
greenhouse:katalyst:6176711004,Katalyst Space Technologies,Engineering Intern (Electrical / Mechanical / GNC / Software),Not stated,True,,Internship,,Hardware,"Broomfield, Colorado, United States",unknown,,,Python; C++; MATLAB; Linux,2026-08-31T19:15:59-04:00,exact,2026-09-02T05:26:29Z,https://job-boards.greenhouse.io/katalyst/jobs/6176711004
greenhouse:stripe:8128745,Stripe,"Software Engineer, Intern (Summer or Winter)",Not stated,True,,Internship,,Software,"San Francisco, Seattle, New York City",unknown,441,,Java; JavaScript; Scala; Ruby,2026-08-31T18:20:45-04:00,exact,2026-09-02T05:26:29Z,https://stripe.com/jobs/search?gh_jid=8128745
workday:brunswick:/job/Champaign-IL/Software-Engineering-Intern_JR-051316,Brunswick,Software Engineering Intern,Not stated,True,,Internship,,Software,"Champaign, IL",unknown,54,$18–$27/hr,Python; Rust; TypeScript; Azure; Git,2026-08-31T00:00:00Z,date_only,2026-09-02T05:26:29Z,https://brunswick.wd1.myworkdayjobs.com/search/job/Champaign-IL/Software-Engineering-Intern_JR-051316
workday:brunswick:/job/Fond-du-Lac-WI/Mercury-Marine--Software-Controls-Engineering-Intern_JR-051436,Brunswick,Mercury Marine: Software Controls Engineering Intern,Not stated,True,,Internship,,Software,"Fond du Lac, WI",unknown,54,$18–$27.5/hr,MATLAB,2026-08-31T00:00:00Z,date_only,2026-09-02T05:26:29Z,https://brunswick.wd1.myworkdayjobs.com/search/job/Fond-du-Lac-WI/Mercury-Marine--Software-Controls-Engineering-Intern_JR-051436
workday:caci:/job/Danbury-CT-US/Software-Engineering-Co-op---Spring---Summer-2027_331356-1,CACI,Software Engineering Co-op - Spring & Summer 2027,Spring 2027,False,,Co-op,,Software,"Danbury, CT, US",unknown,,,Python; Java; C++; C#; MATLAB,2026-08-31T00:00:00Z,date_only,2026-09-02T17:34:18Z,https://caci.wd1.myworkdayjobs.com/external/job/Danbury-CT-US/Software-Engineering-Co-op---Spring---Summer-2027_331356-1
workday:cibc:/job/Chicago-IL/XMLNAME-2027-Spring-Term-Software-Engineer-Co-op---Chicago--Northeastern-University-_2617782-1,CIBC,2027 Spring Term Software Engineer Co-op - Chicago (Northeastern University),Spring 2027,False,,Co-op,,Software,"Chicago, IL",no-sponsorship,,$36/hr,Python; Java; C++; C#,2026-08-31T00:00:00Z,date_only,2026-09-02T05:26:29Z,https://cibc.wd3.myworkdayjobs.com/search/job/Chicago-IL/XMLNAME-2027-Spring-Term-Software-Engineer-Co-op---Chicago--Northeastern-University-_2617782-1
workday:dairynet:/job/La-Crosse-Wisconsin/Intern--Energy-Data-Analyst_JR101052,Dairyland Power Cooperative,"Intern, Energy Data Analyst",Not stated,True,,Internship,,Data & ML/AI,"La Crosse, Wisconsin",unknown,,,SQL,2026-08-31T00:00:00Z,date_only,2026-09-02T17:34:18Z,https://dairynet.wd1.myworkdayjobs.com/DPCcareers/job/La-Crosse-Wisconsin/Intern--Energy-Data-Analyst_JR101052
workday:dairynet:/job/La-Crosse-Wisconsin/Intern--Energy-Data-Science_JR101053,Dairyland Power Cooperative,"Intern, Energy Data Science",Not stated,True,,Internship,,Data & ML/AI,"La Crosse, Wisconsin",unknown,,,Python; SQL; AWS; Git,2026-08-31T00:00:00Z,date_only,2026-09-02T17:34:18Z,https://dairynet.wd1.myworkdayjobs.com/DPCcareers/job/La-Crosse-Wisconsin/Intern--Energy-Data-Science_JR101053
workday:igsenergy:/job/Ohio-Remote/Software-Engineer-Intern_R6263,IGS Energy,Software Engineer Intern,Not stated,True,,Internship,yes,Software,Ohio Remote,no-sponsorship,,,C#; TypeScript; JavaScript; SQL; React; Angular; .NET; Azure,2026-08-31T00:00:00Z,date_only,2026-09-02T05:26:29Z,https://igsenergy.wd1.myworkdayjobs.com/IGS/job/Ohio-Remote/Software-Engineer-Intern_R6263
workday:marmon:/job/Sauget-IL/AI-Intern_JR0000045510,Marmon Holdings,AI Intern,Not stated,True,,Internship,,Data & ML/AI,"Sauget, IL",unknown,,$20–$22/hr,,2026-08-31T00:00:00Z,date_only,2026-09-02T05:26:29Z,https://marmon.wd501.myworkdayjobs.com/Marmon_Careers/job/Sauget-IL/AI-Intern_JR0000045510
workday:micron:/job/Austin-TX/Intern---AI-Systems-and-Infrastructure-Engineering_JR109990,Micron Technology,Intern - AI Systems and Infrastructure Engineering,Not stated,True,,Internship,,Data & ML/AI,"Austin, TX",unknown,489,,Python; C++; PyTorch; LLMs; CUDA; Linux,2026-08-31T00:00:00Z,date_only,2026-09-02T17:34:18Z,https://micron.wd1.myworkdayjobs.com/External/job/Austin-TX/Intern---AI-Systems-and-Infrastructure-Engineering_JR109990
ashby:exa:a9e01521-66f1-481b-89da-ec01d4620f16,Exa Labs,"Software Engineer, Intern",Not stated,True,,Internship,,Software,"San Francisco, California",offers,,$100K – $200K,C++; Rust,2026-08-28T01:16:43.904+00:00,exact,2026-09-02T05:26:29Z,https://jobs.ashbyhq.com/exa/a9e01521-66f1-481b-89da-ec01d4620f16
greenhouse:xairatherapeutics:5225658007,Xaira Therapeutics,"AI Scientist Intern, Computational Protein Design",Not stated,True,,Internship,,Data & ML/AI,"Seattle, Washington, United States; South San Francisco, California, United States",unknown,,,PyTorch; LLMs,2026-08-28T17:52:45-04:00,exact,2026-09-02T05:26:29Z,https://job-boards.greenhouse.io/xairatherapeutics/jobs/5225658007
workday:bah:/job/McLean-VA/University---Summer-27--Cybersecurity-Analyst-Intern_R0248214,Booz Allen,"University – Summer 27, Cybersecurity Analyst Intern",Not stated,True,,Internship,,Security,"McLean, VA",citizens-only,,$108k/yr,Python; Java; C++; JavaScript; Bash,2026-08-28T00:00:00Z,date_only,2026-09-03T09:53:59Z,https://bah.wd1.myworkdayjobs.com/bah_jobs/job/McLean-VA/University---Summer-27--Cybersecurity-Analyst-Intern_R0248214
workday:bah:/job/San-Diego-CA/AI-Software-Developer-Intern_R0248115,Booz Allen,AI Software Developer Intern,Not stated,True,,Internship,,Data & ML/AI,"San Diego, CA",citizens-only,,$141k/yr,Python; PyTorch; TensorFlow; scikit-learn; LLMs; AWS; GCP; Azure,2026-08-28T00:00:00Z,date_only,2026-09-03T09:53:59Z,https://bah.wd1.myworkdayjobs.com/bah_jobs/job/San-Diego-CA/AI-Software-Developer-Intern_R0248115
workday:bcbsla:/job/Corporate---Baton-Rouge-LA/Healthcare-Price-and-Transparency-Data-Analyst-Intern_R11903,Louisiana Blue,CW Healthcare Price and Transparency Data Analyst Intern (Spring 2027),Spring 2027,False,,Internship,,Data & ML/AI,"Corporate - Baton Rouge, LA",unknown,,,SQL; Tableau,2026-08-28T00:00:00Z,date_only,2026-09-02T05:26:29Z,https://bcbsla.wd1.myworkdayjobs.com/Generation_Blue/job/Corporate---Baton-Rouge-LA/Healthcare-Price-and-Transparency-Data-Analyst-Intern_R11903
workday:brunswick:/job/Menomonee-Falls-WI/Software-Engineer-Intern_JR-051426-1,Brunswick,Software Engineer Intern,Not stated,True,,Internship,,Software,"Menomonee Falls, WI",no-sponsorship,54,$18–$27/hr,Python; JavaScript; SQL,2026-08-28T00:00:00Z,date_only,2026-09-02T05:26:29Z,https://brunswick.wd1.myworkdayjobs.com/search/job/Menomonee-Falls-WI/Software-Engineer-Intern_JR-051426-1
workday:disney:/job/Orlando-FL-USA/Software-Engineering-Intern--Spring-2027_10158599-1,The Walt Disney Company,"Software Engineering Intern, Spring 2027",Spring 2027,False,,Internship,,Software,"Orlando, FL, USA",unknown,,$43/hr,Java; C#; TypeScript; JavaScript; SQL; Bash; Git; PostgreSQL,2026-08-28T00:00:00Z,date_only,2026-09-02T05:26:29Z,https://disney.wd5.myworkdayjobs.com/disneycareerdc/job/Orlando-FL-USA/Software-Engineering-Intern--Spring-2027_10158599-1
workday:tiaa:/job/New-York-NY-USA/Churchill-Summer-Internship--Investment-Infrastructure---Technology--IIT-_R260800515-1,TIAA,Churchill Summer Internship: Investment Infrastructure & Technology (IIT),Not stated,True,,Internship,,Software,"New York, NY, USA",unknown,,$30/hr,Python; SQL; Git,2026-08-28T00:00:00Z,date_only,2026-09-02T17:34:18Z,https://tiaa.wd1.myworkdayjobs.com/Search/job/New-York-NY-USA/Churchill-Summer-Internship--Investment-Infrastructure---Technology--IIT-_R260800515-1
amazon:amazon:10517567,Amazon,"Software Development Engineer Intern, Annapurna Labs - 2027",Spring 2027,False,,Internship,,Software,"Cupertino, California, USA",unknown,23139,,Python; Java; C++; PyTorch; TensorFlow; Linux,2026-08-27T00:00:00Z,date_only,2026-09-02T05:26:29Z,https://www.amazon.jobs/en/jobs/10517567/software-development-engineer-intern-annapurna-labs-2027
smartrecruiters:AbbVie:3743990014896329,AbbVie,2027 Business Technology Solutions Intern - Cybersecurity (Undergraduate),Spring 2027,False,,Internship,,Security,"North Chicago, IL, United States (Hybrid)",unknown,303,,Python; Java; C#; JavaScript; HTML/CSS; AWS; GCP; Azure,2026-08-27T16:13:39.930Z,exact,2026-09-02T05:26:29Z,https://jobs.smartrecruiters.com/AbbVie/3743990014896329
smartrecruiters:AbbVie:3743990014900496,AbbVie,2027 Business Technology Solutions Intern - Cybersecurity (Undergraduate),Spring 2027,False,,Internship,,Security,"Irvine, CA, United States (Hybrid)",unknown,303,,Python; Java; C#; JavaScript; HTML/CSS; AWS; GCP; Azure,2026-08-27T17:33:14.955Z,exact,2026-09-02T05:26:29Z,https://jobs.smartrecruiters.com/AbbVie/3743990014900496
smartrecruiters:AbbVie:3743990014900536,AbbVie,2027 Business Technology Solutions Intern - Cybersecurity (Undergraduate),Spring 2027,False,,Internship,,Security,"South San Francisco, CA, United States (Hybrid)",unknown,303,,Python; Java; C#; JavaScript; HTML/CSS; AWS; GCP; Azure,2026-08-27T17:33:44.657Z,exact,2026-09-02T05:26:29Z,https://jobs.smartrecruiters.com/AbbVie/3743990014900536
workday:ambarella:/job/US-Headquarters/Software-Architecture-Engineer-Intern_JR100365,Ambarella,Software Architecture Engineer Intern,Not stated,True,,Internship,,Software,US Headquarters,unknown,26,,Python; C++; TensorFlow; Computer Vision,2026-08-27T00:00:00Z,date_only,2026-09-02T05:26:29Z,https://ambarella.wd108.myworkdayjobs.com/ambarella/job/US-Headquarters/Software-Architecture-Engineer-Intern_JR100365
workday:ambarella:/job/US-Headquarters/Software-Development-Engineer-Intern_JR100366-1,Ambarella,Software Development Engineer Intern,Not stated,True,,Internship,,Software,US Headquarters,unknown,26,,Python; C++; Computer Vision,2026-08-27T00:00:00Z,date_only,2026-09-02T05:26:29Z,https://ambarella.wd108.myworkdayjobs.com/ambarella/job/US-Headquarters/Software-Development-Engineer-Intern_JR100366-1
workday:ambarella:/job/US-Headquarters/Software-Engineer-Intern_JR100363,Ambarella,Software Engineer Intern,Not stated,True,,Internship,,Software,US Headquarters,unknown,26,,Python; C++; PyTorch; TensorFlow,2026-08-27T00:00:00Z,date_only,2026-09-02T05:26:29Z,https://ambarella.wd108.myworkdayjobs.com/ambarella/job/US-Headquarters/Software-Engineer-Intern_JR100363
workday:chemours:/job/US---Remote/AI---Data-Science-Intern_JR15013,Chemours,AI & Data Science Intern,Not stated,True,,Internship,yes,Data & ML/AI,US - Remote,unknown,,,Python; JavaScript; SQL; scikit-learn; Pandas; LLMs; React; HTML/CSS,2026-08-27T00:00:00Z,date_only,2026-09-02T05:26:29Z,https://chemours.wd103.myworkdayjobs.com/Chemours/job/US---Remote/AI---Data-Science-Intern_JR15013
smartrecruiters:AbbVie:3743990014860211,AbbVie,2027 Business Technology Solutions Intern - Cloud Engineering (Undergraduate),Spring 2027,False,,Internship,,Software,"Irvine, CA, United States (Hybrid)",unknown,303,,HTML/CSS; AWS; GCP; Azure; Kubernetes; Docker,2026-08-26T00:53:42.076Z,exact,2026-09-02T05:26:29Z,https://jobs.smartrecruiters.com/AbbVie/3743990014860211
smartrecruiters:AbbVie:3743990014860306,AbbVie,2027 Business Technology Solutions Intern - Data & Software Engineering (Undergraduate),Spring 2027,False,,Internship,,Data & ML/AI,"Irvine, CA, United States (Hybrid)",unknown,303,,Python; Java; TypeScript; JavaScript; SQL; LLMs; Node.js; Vue,2026-08-26T00:51:58.258Z,exact,2026-09-02T05:26:29Z,https://jobs.smartrecruiters.com/AbbVie/3743990014860306
smartrecruiters:AbbVie:3743990014860386,AbbVie,2027 Business Technology Solutions Intern - Cloud Engineering (Undergraduate),Spring 2027,False,,Internship,,Software,"North Chicago, IL, United States (Hybrid)",unknown,303,,HTML/CSS; AWS; GCP; Azure; Kubernetes; Docker,2026-08-26T00:53:09.674Z,exact,2026-09-02T05:26:29Z,https://jobs.smartrecruiters.com/AbbVie/3743990014860386
smartrecruiters:AbbVie:3743990014860391,AbbVie,2027 Business Technology Solutions Intern - Data & Software Engineering (Undergraduate),Spring 2027,False,,Internship,,Data & ML/AI,"South San Francisco, CA, United States (Hybrid)",unknown,303,,Python; Java; TypeScript; JavaScript; SQL; LLMs; Node.js; Vue,2026-08-26T00:54:51.383Z,exact,2026-09-02T05:26:29Z,https://jobs.smartrecruiters.com/AbbVie/3743990014860391
smartrecruiters:AbbVie:3743990014860456,AbbVie,2027 Business Technology Solutions Intern - Cloud Engineering (Undergraduate),Spring 2027,False,,Internship,,Software,"South San Francisco, CA, United States (Hybrid)",unknown,303,,HTML/CSS; AWS; GCP; Azure; Kubernetes; Docker,2026-08-26T00:54:24.912Z,exact,2026-09-02T05:26:29Z,https://jobs.smartrecruiters.com/AbbVie/3743990014860456
smartrecruiters:BoschGroup:744000145785190,Bosch,Phone as a Key Software Engineering - Intern,Not stated,True,,Internship,,Software,"Plymouth, MI, United States",unknown,188,,Python; C++; ROS,2026-08-26T16:23:12.316Z,exact,2026-09-02T05:26:29Z,https://jobs.smartrecruiters.com/BoschGroup/744000145785190
workday:ancestry:/job/Draper-Utah/Software-Engineer---Observability--Co-op_R003434,Ancestry,"Software Engineer – Observability, Co-op",Not stated,True,,Co-op,,Software,"Draper, Utah",unknown,,,Python; Java; TypeScript; JavaScript; SQL; LLMs; React; Node.js,2026-08-26T00:00:00Z,date_only,2026-09-02T05:26:29Z,https://ancestry.wd501.myworkdayjobs.com/Careers/job/Draper-Utah/Software-Engineer---Observability--Co-op_R003434
workday:aoins:/job/Lansing-MI/Intern---Analytics-Web-Systems-Developer_R_14272,Auto-Owners Insurance,Intern - Analytics Web Systems Developer,Not stated,True,,Internship,,Data & ML/AI,"Lansing, MI",unknown,,,C++; C#; JavaScript; SQL; Angular; HTML/CSS; .NET; AWS,2026-08-26T00:00:00Z,date_only,2026-09-02T05:26:29Z,https://aoins.wd5.myworkdayjobs.com/AutoOwners/job/Lansing-MI/Intern---Analytics-Web-Systems-Developer_R_14272
workday:bah:/job/McLean-VA/AI-RAN-Telecommunications-Engineer-Intern_R0246869,Booz Allen,AI RAN Telecommunications Engineer Intern,Not stated,True,,Internship,,Data & ML/AI,"McLean, VA",citizens-only,,$108k/yr,Python; C++; MATLAB,2026-08-26T00:00:00Z,date_only,2026-09-03T09:53:59Z,https://bah.wd1.myworkdayjobs.com/bah_jobs/job/McLean-VA/AI-RAN-Telecommunications-Engineer-Intern_R0246869
workday:nrel:/job/Golden-CO/Undergraduate-graduate-intern---software-and-data-infrastructure-for-autonomous-thin-film-experimentation--Year-Round-_R14394,National Laboratory of the Rockies,Undergraduate/graduate intern - software and data infrastructure for autonomous thin film experimentation (Year-Round),Not stated,True,,Internship,,Data & ML/AI,"Golden, CO",unknown,,,Python; Computer Vision; Git,2026-08-26T00:00:00Z,date_only,2026-09-02T05:26:29Z,https://nrel.wd5.myworkdayjobs.com/NLR/job/Golden-CO/Undergraduate-graduate-intern---software-and-data-infrastructure-for-autonomous-thin-film-experimentation--Year-Round-_R14394
ashby:maximor:3ff6e57d-5430-4836-b6f0-19044d8ee6d8,Maximor AI,Software engineering Intern,Not stated,True,,Internship,,Software,New York City,unknown,,,Python; TypeScript; JavaScript; LLMs; React; AWS; GCP; Kubernetes,2026-08-25T20:15:07.571+00:00,exact,2026-09-02T05:26:29Z,https://jobs.ashbyhq.com/maximor/3ff6e57d-5430-4836-b6f0-19044d8ee6d8
greenhouse:verkada:5210813007,Verkada,Backend Software Engineering Intern 2027,Spring 2027,False,,Internship,,Software,"San Mateo, CA United States",offers,67,,Python; Go; Computer Vision; AWS; Kubernetes; Docker; Terraform; Linux,2026-08-25T14:11:57-04:00,exact,2026-09-02T05:26:29Z,https://job-boards.greenhouse.io/verkada/jobs/5210813007
greenhouse:verkada:5210942007,Verkada,Frontend Software Engineering Intern 2027,Spring 2027,False,,Internship,,Software,"San Mateo, CA United States",offers,67,,TypeScript; JavaScript; React; Angular; Vue; HTML/CSS,2026-08-25T14:12:05-04:00,exact,2026-09-02T05:26:29Z,https://job-boards.greenhouse.io/verkada/jobs/5210942007
greenhouse:verkada:5211595007,Verkada,Embedded Software Engineering Intern 2027,Spring 2027,False,,Internship,,Software,"San Mateo, CA United States",offers,67,,C++; Linux,2026-08-25T14:12:01-04:00,exact,2026-09-02T05:26:29Z,https://job-boards.greenhouse.io/verkada/jobs/5211595007
greenhouse:verkada:5213881007,Verkada,Security Software Engineering Intern 2027,Spring 2027,False,,Internship,,Security,"San Mateo, CA United States",offers,67,,Python; Go; Computer Vision; AWS; Kubernetes; Docker; Terraform; Linux,2026-08-25T14:12:08-04:00,exact,2026-09-02T05:26:29Z,https://job-boards.greenhouse.io/verkada/jobs/5213881007
greenhouse:verkada:5219131007,Verkada,Mobile Software Engineering Intern 2027,Spring 2027,False,,Internship,,Software,"San Mateo, CA United States",offers,67,,Swift; Kotlin,2026-08-25T14:12:17-04:00,exact,2026-09-02T05:26:29Z,https://job-boards.greenhouse.io/verkada/jobs/5219131007
oracle:ebxr.fa.us2.oraclecloud.com:214459,DTCC,Application Developer Intern [2027 Intern Program],Spring 2027,False,,Internship,,Software,"Jersey City, NJ, United States; Tampa, FL, United States; Dallas, TX, United States",unknown,,,Python; Java; TypeScript; JavaScript; SQL; React; Angular; Spring,2026-08-25,date_only,2026-09-02T05:26:29Z,https://ebxr.fa.us2.oraclecloud.com/hcmUI/CandidateExperience/en/sites/CX_1/job/214459
oracle:ebxr.fa.us2.oraclecloud.com:214473,DTCC,Infrastructure Engineer Intern [2027 Intern Program],Spring 2027,False,,Internship,,Software,"Jersey City, NJ, United States; Tampa, FL, United States; Dallas, TX, United States",unknown,,,Python; SQL; Bash; AWS; Azure; Linux; Git,2026-08-25,date_only,2026-09-02T05:26:29Z,https://ebxr.fa.us2.oraclecloud.com/hcmUI/CandidateExperience/en/sites/CX_1/job/214473
oracle:ebxr.fa.us2.oraclecloud.com:214476,DTCC,Information Security Intern [2027 Intern Program],Spring 2027,False,,Internship,,Security,"Jersey City, NJ, United States; Tampa, FL, United States; Dallas, TX, United States",unknown,,,,2026-08-25,date_only,2026-09-02T05:26:29Z,https://ebxr.fa.us2.oraclecloud.com/hcmUI/CandidateExperience/en/sites/CX_1/job/214476
oracle:ebxr.fa.us2.oraclecloud.com:214487,DTCC,Cyber Security Risk Intern [2027 Internship Program],Spring 2027,False,,Internship,,Security,"Jersey City, NJ, United States; Tampa, FL, United States; Dallas, TX, United States",unknown,,,,2026-08-25,date_only,2026-09-02T05:26:29Z,https://ebxr.fa.us2.oraclecloud.com/hcmUI/CandidateExperience/en/sites/CX_1/job/214487
oracle:fa-evmr-saasfaprod1.fa.ocs.oraclecloud.com:39908,Nokia,Deepfield Software Engineer Co-op,Not stated,True,,Co-op,,Software,United States,unknown,,,Python; Rust; JavaScript; LLMs; React; HTML/CSS; Linux,2026-08-25,date_only,2026-09-02T05:26:29Z,https://fa-evmr-saasfaprod1.fa.ocs.oraclecloud.com/hcmUI/CandidateExperience/en/sites/CX_1/job/39908
workday:brunswick:/job/Oshkosh-WI/Mercury-Marine--Software-Validation-Intern_JR-051160,Brunswick,Mercury Marine: Software Validation Intern,Not stated,True,,Internship,,Software,"Oshkosh, WI",unknown,54,$18–$27.5/hr,Python; C++; C#,2026-08-25T00:00:00Z,date_only,2026-09-02T05:26:29Z,https://brunswick.wd1.myworkdayjobs.com/search/job/Oshkosh-WI/Mercury-Marine--Software-Validation-Intern_JR-051160
workday:brunswick:/job/Tulsa-OK/Software-Engineering-Intern_JR-051321,Brunswick,Software Engineering Intern,Not stated,True,,Internship,,Software,"Tulsa, OK",no-sponsorship,54,$18–$27/hr,Python; Java; C++; Kotlin; Git,2026-08-25T00:00:00Z,date_only,2026-09-02T05:26:29Z,https://brunswick.wd1.myworkdayjobs.com/search/job/Tulsa-OK/Software-Engineering-Intern_JR-051321
greenhouse:morsecorpcoop:7967400003,Meridian Partners,Flight Software Engineer Co-op,Not stated,True,,Co-op,,Software,"Cambridge, MA",unknown,,,Python; C++; Rust; Linux,2026-08-24T20:22:51-04:00,exact,2026-09-02T05:26:29Z,https://job-boards.greenhouse.io/morsecorpcoop/jobs/7967400003
greenhouse:morsecorpcoop:7967614003,Meridian Partners,Cloud Software Engineer Co-op,Not stated,True,,Co-op,,Software,"Cambridge, MA",unknown,,,Python; AWS; GCP; Azure; Kubernetes; Docker; Terraform; Git,2026-08-24T20:50:28-04:00,exact,2026-09-02T05:26:29Z,https://job-boards.greenhouse.io/morsecorpcoop/jobs/7967614003
greenhouse:morsecorpcoop:7967886003,Meridian Partners,Data Scientist Graduate Co-op,Not stated,True,,Co-op,,Data & ML/AI,"Cambridge, MA, Arlington, VA",citizens-only,,,Python; scikit-learn; Pandas; LLMs; Computer Vision; Docker; Git; Spark,2026-08-24T21:21:07-04:00,exact,2026-09-02T05:26:29Z,https://job-boards.greenhouse.io/morsecorpcoop/jobs/7967886003
greenhouse:morsecorpcoop:7968076003,Meridian Partners,Front End Software Engineer Graduate Co-op,Not stated,True,,Co-op,,Software,"Cambridge, MA",citizens-only,,,Python; React; Git,2026-08-24T21:44:57-04:00,exact,2026-09-02T05:26:29Z,https://job-boards.greenhouse.io/morsecorpcoop/jobs/7968076003
greenhouse:morsecorpcoop:7968100003,Meridian Partners,Full Stack Software Engineer Graduate Co-op,Not stated,True,,Co-op,,Software,"Cambridge, MA, Arlington, VA, Seattle, WA",citizens-only,,,Python; JavaScript; AWS; Azure; Docker; Git,2026-08-24T21:54:23-04:00,exact,2026-09-02T05:26:29Z,https://job-boards.greenhouse.io/morsecorpcoop/jobs/7968100003
greenhouse:morsecorpcoop:7968308003,Meridian Partners,Machine Learning Engineer Co-op,Not stated,True,,Co-op,,Data & ML/AI,"Cambridge, MA, Arlington, VA, Seattle, WA",citizens-only,,,Python; LLMs; Computer Vision; AWS; Azure; Docker; Airflow,2026-08-24T22:25:21-04:00,exact,2026-09-02T05:26:29Z,https://job-boards.greenhouse.io/morsecorpcoop/jobs/7968308003
greenhouse:morsecorpcoop:7968485003,Meridian Partners,Python Software Engineer Graduate Co-op,Not stated,True,,Co-op,,Software,"Cambridge, MA, Arlington, VA, Seattle, WA",citizens-only,,,Python; AWS; Azure; Docker; Git,2026-08-24T22:42:42-04:00,exact,2026-09-02T05:26:29Z,https://job-boards.greenhouse.io/morsecorpcoop/jobs/7968485003
greenhouse:morsecorpcoop:7968605003,Meridian Partners,Embedded Software Engineer Co-op,Not stated,True,,Co-op,,Software,"Cambridge, MA",citizens-only,,,Python; C++; Rust,2026-08-24T23:07:54-04:00,exact,2026-09-02T05:26:29Z,https://job-boards.greenhouse.io/morsecorpcoop/jobs/7968605003
workday:disney:/job/Lake-Buena-Vista-FL-USA/WDW-Computer-Science---Computer-Engineering-Interns--Spring-2027_10158145-1,The Walt Disney Company,"WDW Computer Science / Computer Engineering Interns, Spring 2027",Spring 2027,False,,Internship,,Software,"Lake Buena Vista, FL, USA",unknown,,,Python; C++; C#; SQL; Node.js; AWS; GCP; Azure,2026-08-24T00:00:00Z,date_only,2026-09-02T05:26:29Z,https://disney.wd5.myworkdayjobs.com/disneycareerdc/job/Lake-Buena-Vista-FL-USA/WDW-Computer-Science---Computer-Engineering-Interns--Spring-2027_10158145-1
workday:monolithicpower:/job/San-Jose---California/AI-Developer-Intern_R-1756,Monolithic Power Systems,AI Developer Intern,Not stated,True,,Internship,,Data & ML/AI,San Jose - California,unknown,20,$30/hr,Python; Java; PyTorch; TensorFlow,2026-08-24T00:00:00Z,date_only,2026-09-02T05:26:29Z,https://monolithicpower.wd12.myworkdayjobs.com/MPS_Careers/job/San-Jose---California/AI-Developer-Intern_R-1756
ashby:ambrook:e458b046-aa7f-4022-bca5-63cdfd495456,Ambrook,Software Engineering Intern,Not stated,True,,Internship,,Software,New York,unknown,,$2K per week • + housing stipend.,TypeScript; React; Next.js; GCP; PostgreSQL,2026-08-21T19:35:46.030+00:00,exact,2026-09-02T05:26:29Z,https://jobs.ashbyhq.com/ambrook/e458b046-aa7f-4022-bca5-63cdfd495456
ashby:h3x-technologies:d406e4b4-9b48-438c-a2af-b7feb8563a40,H3X Technologies,Embedded Controls Intern (Spring),Not stated,True,,Internship,,Software,"Louisville, Colorado",unknown,,$23–$37/hr,Python; C++; Git,2026-08-21T16:44:22.442+00:00,exact,2026-09-02T05:26:29Z,https://jobs.ashbyhq.com/h3x-technologies/d406e4b4-9b48-438c-a2af-b7feb8563a40
ashby:weave:1318e017-3ea6-4a1f-aac7-1c11a46cda8d,Weave,Data Engineer Intern,Not stated,True,,Internship,,Data & ML/AI,"Weave - Headquarters (Lehi, UT)",unknown,,,Python; SQL; Git; Snowflake,2026-08-21T19:14:42.880+00:00,exact,2026-09-02T05:26:29Z,https://jobs.ashbyhq.com/weave/1318e017-3ea6-4a1f-aac7-1c11a46cda8d
greenhouse:cssmerge:8695475002,Atoms,Robotics Software Engineer Intern,Not stated,True,,Internship,,Hardware,"Pittsburgh, PA",unknown,,$25–$35/hr,Python; Java; C++; Rust; Computer Vision; Linux; Git; ROS,2026-08-21T17:36:22-04:00,exact,2026-09-02T05:26:29Z,https://job-boards.greenhouse.io/cssmerge/jobs/8695475002
smartrecruiters:AbbVie:3743990014697918,AbbVie,2027 Business Technology Solutions Intern - Data & Software Engineering (Undergraduate),Spring 2027,False,,Internship,,Data & ML/AI,"North Chicago, IL, United States (Hybrid)",unknown,303,,Python; Java; TypeScript; JavaScript; SQL; LLMs; Node.js; Vue,2026-08-20T13:47:48.995Z,exact,2026-09-02T05:26:29Z,https://jobs.smartrecruiters.com/AbbVie/3743990014697918
workday:crowe:/job/Chicago-IL-USA/AI-Engineering-Intern_R-51782,Crowe,AI Engineering Intern,Not stated,True,,Internship,,Data & ML/AI,Chicago IL USA,unknown,37,$27–$42/hr,Python; PyTorch; TensorFlow; LLMs; AWS; GCP; Azure; Kubernetes,2026-08-20T00:00:00Z,date_only,2026-09-02T05:26:29Z,https://crowe.wd12.myworkdayjobs.com/external_careers/job/Chicago-IL-USA/AI-Engineering-Intern_R-51782
workday:crowe:/job/Chicago-IL-USA/AI-Functional-Intern_R-71008,Crowe,AI Functional Intern,Not stated,True,,Internship,,Data & ML/AI,Chicago IL USA,unknown,37,$27–$42/hr,LLMs; Azure,2026-08-20T00:00:00Z,date_only,2026-09-02T05:26:29Z,https://crowe.wd12.myworkdayjobs.com/external_careers/job/Chicago-IL-USA/AI-Functional-Intern_R-71008
workday:crowe:/job/Chicago-IL-USA/AI-Project-Coordinator-Intern_R-71007,Crowe,AI Project Coordinator Intern,Not stated,True,,Internship,,Data & ML/AI,Chicago IL USA,unknown,37,$27–$42/hr,LLMs; Azure,2026-08-20T00:00:00Z,date_only,2026-09-02T05:26:29Z,https://crowe.wd12.myworkdayjobs.com/external_careers/job/Chicago-IL-USA/AI-Project-Coordinator-Intern_R-71007
workday:crowe:/job/Chicago-IL-USA/Data-Analytics-Developer-Intern_R-71041,Crowe,Data Analytics Developer Intern,Not stated,True,,Internship,,Data & ML/AI,Chicago IL USA,unknown,37,$27–$42/hr,SQL; Azure; Tableau,2026-08-20T00:00:00Z,date_only,2026-09-02T05:26:29Z,https://crowe.wd12.myworkdayjobs.com/external_careers/job/Chicago-IL-USA/Data-Analytics-Developer-Intern_R-71041
workday:fifththird:/job/Cincinnati-OH/Information-Security-Co-op---Code-Security---Spring-2027_R71575,Fifth Third Bank,Information Security Co-op – Code Security – Spring 2027,Spring 2027,False,,Co-op,,Security,"Cincinnati, OH",unknown,,,Python; JavaScript; AWS,2026-08-20T00:00:00Z,date_only,2026-09-02T05:26:29Z,https://fifththird.wd5.myworkdayjobs.com/53careers/job/Cincinnati-OH/Information-Security-Co-op---Code-Security---Spring-2027_R71575
workday:fifththird:/job/Cincinnati-OH/Information-Security-Co-op---Identity---Access-Management---Spring-2027_R71590,Fifth Third Bank,Information Security Co-op – Identity & Access Management – Spring 2027,Spring 2027,False,,Co-op,,Security,"Cincinnati, OH",unknown,,,Linux,2026-08-20T00:00:00Z,date_only,2026-09-02T05:26:29Z,https://fifththird.wd5.myworkdayjobs.com/53careers/job/Cincinnati-OH/Information-Security-Co-op---Identity---Access-Management---Spring-2027_R71590
workday:mosaic:/job/US---Tampa-FL-Lithia-area/Artificial-Intelligence-Co-Op-Intern---Spring-2027_64729,Mosaic,Artificial Intelligence Co-Op/Intern - Spring 2027,Spring 2027,False,,Internship / Co-op,,Data & ML/AI,"US - Tampa, FL (Lithia area)",unknown,9,,Python; PyTorch; TensorFlow; scikit-learn; Pandas; LLMs; AWS; GCP,2026-08-20T00:00:00Z,date_only,2026-09-02T05:26:29Z,https://mosaic.wd5.myworkdayjobs.com/mosaic/job/US---Tampa-FL-Lithia-area/Artificial-Intelligence-Co-Op-Intern---Spring-2027_64729
ashby:n1:afe7deb5-9cfd-4926-bcb4-058d418592a6,N1,"Software Engineer Intern (Backend, Rust)",Not stated,True,,Internship,,Software,New York City,unknown,,,Rust; C++,2026-08-19T19:57:20.073+00:00,exact,2026-09-02T05:26:29Z,https://jobs.ashbyhq.com/n1/afe7deb5-9cfd-4926-bcb4-058d418592a6
workday:copart:/job/Dallas-TX---Headquarters/Site-Reliability-Engineer-Intern_JR110631,Copart,Site Reliability Engineer Intern,Not stated,True,,Internship,,Software,"Dallas, TX - Headquarters",unknown,83,,Python; AWS; GCP; Kubernetes; Linux,2026-08-19T00:00:00Z,date_only,2026-09-02T05:26:29Z,https://copart.wd12.myworkdayjobs.com/copart/job/Dallas-TX---Headquarters/Site-Reliability-Engineer-Intern_JR110631
greenhouse:gardacp:6146213004,Garda Capital Partners,Software Engineer Intern,Not stated,True,,Internship,,Software,"New York, New York, United States",unknown,6,,Python; SQL,2026-08-18T16:01:53-04:00,exact,2026-09-02T05:26:29Z,https://job-boards.greenhouse.io/gardacp/jobs/6146213004
greenhouse:thenuclearcompany:5391888008,The Nuclear Company,Spring 2027 AI Applied Research Internship,Spring 2027,False,,Internship,,Data & ML/AI,"Washington, DC",citizens-only,,,Python; SQL; scikit-learn; Pandas; AWS; Databricks; Snowflake,2026-08-14T16:27:39-04:00,exact,2026-09-02T05:26:29Z,https://job-boards.greenhouse.io/thenuclearcompany/jobs/5391888008
greenhouse:transmarketgroup:5212335007,TransMarket Group,Software Engineering Intern,Not stated,True,,Internship,,Software,"Chicago, Illinois, United States",unknown,,,Python; C++; Linux,2026-08-14T11:18:03-04:00,exact,2026-09-02T05:26:29Z,https://job-boards.greenhouse.io/transmarketgroup/jobs/5212335007?gh_jid=5212335007
workable:connectprep:D1C67258C0,ConnectPrep,Data Analyst Internship,Not stated,True,,Internship,yes,Data & ML/AI,"Washington, District of Columbia, United States (Remote)",citizens-only,,,Python; SQL; Pandas; Tableau,2026-08-13T00:00:00.000Z,date_only,2026-09-02T05:26:29Z,https://apply.workable.com/connectprep/j/D1C67258C0/
workable:tmeic-corporation-americas:6FDBF2FD32,TMEIC,"Intern - Applications, AI and Machine Learning (Spring 2027) (ET26075)",Spring 2027,False,,Internship,,Data & ML/AI,"Roanoke, Virginia, United States",no-sponsorship,,,,2026-08-12T00:00:00.000Z,date_only,2026-09-04T19:19:19Z,https://apply.workable.com/tmeic-corporation-americas/j/6FDBF2FD32/
workday:ameren:/job/St-Louis-MO/Cybersecurity-Co-Op_033868-1,Ameren,Cybersecurity Co-Op,Spring 2027,False,,Co-op,,Security,"St. Louis, MO",unknown,,,,2026-08-10T00:00:00Z,date_only,2026-09-02T05:26:29Z,https://ameren.wd1.myworkdayjobs.com/External/job/St-Louis-MO/Cybersecurity-Co-Op_033868-1
greenhouse:axontalentcommunity:7837246003,Axon,2027 US Firmware Engineering Internship,Spring 2027,False,,Internship,,Hardware,"Seattle, Washington, United States",unknown,,,Python; C++; Go; Rust; Linux,2026-08-07T17:47:11-04:00,exact,2026-09-02T05:26:29Z,https://job-boards.greenhouse.io/axontalentcommunity/jobs/7837246003
greenhouse:thenuclearcompany:5383171008,The Nuclear Company,Spring 2027 Software Engineering Intern,Spring 2027,False,,Internship,,Software,"Washington, DC",citizens-only,,,Python; Java; C++; Rust; TypeScript; LLMs; AWS,2026-08-07T14:07:28-04:00,exact,2026-09-02T05:26:29Z,https://job-boards.greenhouse.io/thenuclearcompany/jobs/5383171008
greenhouse:thenuclearcompany:5383212008,The Nuclear Company,Spring 2027 AI/ML Engineering Intern,Spring 2027,False,,Internship,,Data & ML/AI,"Washington, DC",citizens-only,,,Python; PyTorch; LLMs; AWS,2026-08-07T14:06:50-04:00,exact,2026-09-02T05:26:29Z,https://job-boards.greenhouse.io/thenuclearcompany/jobs/5383212008
greenhouse:thenuclearcompany:5383218008,The Nuclear Company,Spring 2027 Data Science Intern,Spring 2027,False,,Internship,,Data & ML/AI,"Washington, DC",citizens-only,,,Python; SQL; scikit-learn; Pandas; AWS,2026-08-07T14:07:10-04:00,exact,2026-09-02T05:26:29Z,https://job-boards.greenhouse.io/thenuclearcompany/jobs/5383218008
greenhouse:vardaspace:7824766003,Varda Space,Cybersecurity Internship - Spring 2027,Spring 2027,False,,Internship,,Security,"El Segundo, California, United States",citizens-only,,,Python; Bash,2026-08-07T12:46:22-04:00,exact,2026-09-02T05:26:29Z,https://job-boards.greenhouse.io/vardaspace/jobs/7824766003
greenhouse:vardaspace:7824814003,Varda Space,Site Reliability Internship - Spring 2027,Spring 2027,False,,Internship,,Other,"El Segundo, California, United States",citizens-only,,,Python; AWS; GCP; Azure; Kubernetes; Docker; Linux; Git,2026-08-07T12:47:25-04:00,exact,2026-09-02T05:26:29Z,https://job-boards.greenhouse.io/vardaspace/jobs/7824814003
greenhouse:vardaspace:7824815003,Varda Space,Flight Software Internship - Spring 2027,Spring 2027,False,,Internship,,Software,"El Segundo, California, United States",citizens-only,,,Python; C++; Linux,2026-08-07T12:46:38-04:00,exact,2026-09-02T05:26:29Z,https://job-boards.greenhouse.io/vardaspace/jobs/7824815003
ashby:centerfield:1d7eacc1-37f7-478c-9b0a-fa7974f1a9e4,Centerfield,Frontend Engineer Intern (6 month internship),Not stated,True,,Internship,,Software,"Los Angeles, California",unknown,,$30 per hour,Java; TypeScript; JavaScript; React; Next.js; Node.js; HTML/CSS; AWS,2026-08-06T20:03:54.164+00:00,exact,2026-09-02T05:26:29Z,https://jobs.ashbyhq.com/centerfield/1d7eacc1-37f7-478c-9b0a-fa7974f1a9e4
lever:diversified-automation:827a092d-b8a3-4ca9-a84a-e8c236d1aabc,Diversified Automation,Software Engineering Co-op,Not stated,True,,Co-op,,Software,"Louisville, KY",unknown,,,,2026-08-04T14:16:00Z,exact,2026-09-02T05:26:29Z,https://jobs.lever.co/diversified-automation/827a092d-b8a3-4ca9-a84a-e8c236d1aabc
ashby:heliux:c71c0650-b6f7-491f-b291-6b280f58ee9c,Heliux,"Software Engineer (Internship, Spring 2027)",Spring 2027,False,,Internship,,Software,"HQ (San Francisco, CA)",unknown,,,Python; Java; Rust; TypeScript,2026-07-31T01:21:03.429+00:00,exact,2026-09-02T05:26:29Z,https://jobs.ashbyhq.com/heliux/c71c0650-b6f7-491f-b291-6b280f58ee9c
ashby:melius:b61f063a-4f94-4e50-a4ef-05aaab552280,Melius,Software Engineering Intern [Spring/Summer 2027],Spring 2027,False,,Internship,,Software,New York City,unknown,,$11K per month,TypeScript; LLMs; React; Next.js; PostgreSQL,2026-07-31T14:00:47.682+00:00,exact,2026-09-02T05:26:29Z,https://jobs.ashbyhq.com/melius/b61f063a-4f94-4e50-a4ef-05aaab552280
greenhouse:virtu:8657500002,Virtu Financial,2027 Internship - Software Engineer,Spring 2027,False,,Internship,,Software,"Austin, TX; New York",unknown,,,Python; Java; C++; TypeScript; JavaScript; React,2026-07-29T17:31:34-04:00,exact,2026-09-02T05:26:29Z,https://job-boards.greenhouse.io/virtu/jobs/8624410002
greenhouse:rendezvousrobotics:4329122009,Rendezvous Robotics,Software Engineering Intern (Spring 2027),Spring 2027,False,,Internship,,Software,"Golden, CO",unknown,,,Python; C++; Linux,2026-07-22T18:06:40-04:00,exact,2026-09-02T05:26:29Z,https://job-boards.greenhouse.io/rendezvousrobotics/jobs/4329122009
greenhouse:virtu:8624408002,Virtu Financial,2027 Internship - Quantitative Trading,Spring 2027,False,,Internship,,Quant,"Austin, TX; Chicago; New York",unknown,,,Python; Java; C++; SQL,2026-07-21T15:54:04-04:00,exact,2026-09-02T05:26:29Z,https://job-boards.greenhouse.io/virtu/jobs/8624408002
greenhouse:oldmissioncapital:7796180003,Old Mission Capital,Software Engineer – 2027 Internship Program (June Start),Spring 2027,False,,Internship,,Software,"Chicago, IL, United States",unknown,8,,Python; C++; TypeScript,2026-07-15T13:45:13-04:00,exact,2026-09-02T05:26:29Z,https://www.oldmissioncapital.com/careers/?gh_jid=7796180003
greenhouse:voloridgeinvestmentmanagement:4224862009,Voloridge,Quantitative Developer Intern 2027,Spring 2027,False,,Internship,,Quant,"Jupiter, FL",unknown,,,Python; C++; C#; SQL,2026-06-11T09:46:12-04:00,exact,2026-09-02T05:26:29Z,https://job-boards.greenhouse.io/voloridgeinvestmentmanagement/jobs/4224862009
greenhouse:voloridgeinvestmentmanagement:4226247009,Voloridge,Quantitative Research Intern 2027,Spring 2027,False,,Internship,,Quant,"Jupiter, FL",unknown,,,Python,2026-06-11T10:40:18-04:00,exact,2026-09-02T05:26:29Z,https://job-boards.greenhouse.io/voloridgeinvestmentmanagement/jobs/4226247009
greenhouse:andurilindustries:5148079007,Anduril,2027 Software Engineer Intern,Spring 2027,False,,Internship,,Software,"Atlanta, Georgia, United States; Boston, Massachusetts, United States; Broomfield, Colorado, United States; Colorado Springs, Colorado, United States; Costa Mesa, California, United States; Fort Collins, Colorado, United States; Irvine, California, United States; Reston, Virginia, United States; Seattle, Washington, United States",citizens-only,,,Python; Java; C++; Rust; Computer Vision,2026-06-10T19:33:06-04:00,exact,2026-09-02T05:26:29Z,https://boards.greenhouse.io/andurilindustries/jobs/5148079007?gh_jid=5148079007
ashby:ellipsislabs:02136b22-35b1-4b3d-8bef-567c3380a849,Ellipsis Labs,Software Engineer - 2027 Interns,Spring 2027,False,,Internship,,Software,"New York, New York",unknown,,$10K per month,Python; Java; C++; Rust; TypeScript; JavaScript; React; Docker,2026-03-26T19:40:01.700+00:00,exact,2026-09-02T05:26:29Z,https://jobs.ashbyhq.com/ellipsislabs/02136b22-35b1-4b3d-8bef-567c3380a849
greenhouse:virtu:8142539002,Virtu Financial,2027 Internship - Quantitative Researcher (Undergrad),Spring 2027,False,,Internship,,Quant,New York,unknown,,,Python; C++; Pandas,2025-09-12T07:14:41-04:00,exact,2026-09-02T05:26:29Z,https://job-boards.greenhouse.io/virtu/jobs/8142539002
